Customer_ID,Total_Orders,Total_Spending,Total_Profit,Total_Quantity,Average_Discount,First_Purchase_Date,Last_Purchase_Date,Customer_Type,Primary_Region,Average_Order_Value,Days_Since_Last_Purchase,Customer_Tenure_Days,Purchase_Frequency,Profit_Margin_Pct,Customer_Segment
CUST-0001,3,3565.0,315.0,9,0.1667,2023-02-21,2024-07-13,Consumer,Central,1188.33,171,679,0.18,8.84,At Risk
CUST-0002,8,5185.7,-166.3,27,0.15,2023-03-09,2024-11-29,Corporate,North,648.21,32,663,0.39,-3.21,Regular
CUST-0003,8,3568.7,768.7,12,0.0688,2023-01-02,2024-06-12,Consumer,West,446.09,202,729,0.46,21.54,At Risk
CUST-0004,4,1720.0,160.0,5,0.125,2023-12-27,2024-08-28,Corporate,North,430.0,125,370,0.5,9.3,Dormant / Low Engagement
CUST-0005,6,1274.5,39.5,11,0.1417,2023-05-08,2024-12-26,Small Business,North,212.42,5,603,0.31,3.1,Regular
CUST-0006,5,3032.4,440.4,10,0.09,2023-07-11,2024-12-05,Consumer,South,606.48,26,539,0.3,14.52,Regular
CUST-0007,9,6301.5,1326.5,17,0.0833,2023-10-03,2024-12-11,Consumer,South,700.17,20,455,0.63,21.05,High Value
CUST-0008,7,8135.0,1981.0,21,0.0357,2023-05-26,2024-07-21,Consumer,South,1162.14,163,585,0.5,24.35,At Risk
CUST-0009,11,3820.6,657.6,23,0.1136,2023-01-12,2024-12-30,Consumer,West,347.33,1,719,0.47,17.21,Regular
CUST-0010,22,7352.4,1503.4,51,0.0545,2023-03-02,2024-12-31,Corporate,East,334.2,0,670,1.0,20.45,High Value
CUST-0011,24,8380.5,1598.5,44,0.0646,2023-01-07,2024-12-16,Corporate,North,349.19,15,724,1.03,19.07,High Value
CUST-0012,7,9574.75,2562.75,25,0.0571,2023-05-14,2024-12-26,Small Business,Central,1367.82,5,597,0.36,26.77,High Value
CUST-0013,7,3609.15,302.15,13,0.1214,2023-06-13,2024-11-13,Consumer,North,515.59,48,567,0.41,8.37,Regular
CUST-0014,9,7954.0,1189.0,17,0.2,2023-05-12,2024-12-22,Consumer,North,883.78,9,599,0.46,14.95,High Value
CUST-0015,8,11950.3,1846.3,27,0.125,2023-02-07,2024-12-07,Consumer,Central,1493.79,24,693,0.36,15.45,High Value
CUST-0016,3,902.8,-447.2,9,0.2333,2023-10-13,2024-06-25,Corporate,South,300.93,189,445,0.36,-49.53,Dormant / Low Engagement
CUST-0017,3,2509.0,-91.0,7,0.1,2024-05-25,2024-12-09,Corporate,North,836.33,22,220,0.46,-3.63,Regular
CUST-0018,5,1796.7,404.7,11,0.05,2024-04-04,2024-09-21,Corporate,Central,359.34,101,271,0.89,22.52,Regular
CUST-0019,18,9148.2,1809.2,32,0.0611,2023-01-07,2024-12-17,Corporate,Central,508.23,14,724,0.77,19.78,High Value
CUST-0020,12,5455.7,952.7,21,0.0833,2023-08-01,2024-12-31,Consumer,North,454.64,0,518,0.7,17.46,Regular
CUST-0021,5,2009.3,154.3,12,0.13,2023-07-27,2024-12-10,Consumer,North,401.86,21,523,0.3,7.68,Regular
CUST-0022,5,2543.0,184.0,7,0.08,2023-09-16,2024-07-24,Consumer,South,508.6,160,472,0.49,7.24,Dormant / Low Engagement
CUST-0023,36,12661.05,1135.05,68,0.0708,2023-01-24,2024-12-28,Consumer,West,351.7,3,707,1.55,8.96,High Value
CUST-0024,7,2924.25,691.25,18,0.0571,2023-02-02,2024-12-30,Small Business,West,417.75,1,698,0.31,23.64,Regular
CUST-0025,7,1922.25,-67.75,16,0.1643,2023-03-21,2024-12-02,Consumer,West,274.61,29,651,0.34,-3.52,Regular
CUST-0026,21,10552.1,1149.1,46,0.0857,2023-02-14,2024-12-17,Corporate,West,502.48,14,686,0.95,10.89,High Value
CUST-0027,5,3224.5,194.5,9,0.09,2023-08-02,2024-08-01,Consumer,North,644.9,152,517,0.42,6.03,Dormant / Low Engagement
CUST-0028,16,9589.5,1820.5,33,0.0844,2023-01-12,2024-12-26,Corporate,South,599.34,5,719,0.68,18.98,High Value
CUST-0029,5,1046.2,132.2,11,0.12,2023-01-19,2024-11-13,Consumer,South,209.24,48,712,0.23,12.64,Regular
CUST-0030,4,1208.9,270.9,5,0.075,2023-08-17,2024-12-11,Corporate,South,302.23,20,502,0.25,22.41,Regular
CUST-0031,5,467.5,14.5,6,0.09,2023-07-02,2024-12-24,Consumer,West,93.5,7,548,0.28,3.1,Regular
CUST-0032,6,6725.1,517.1,22,0.1167,2023-08-17,2024-12-11,Corporate,West,1120.85,20,502,0.38,7.69,High Value
CUST-0033,30,8119.25,1672.25,45,0.0583,2023-01-27,2024-12-23,Corporate,South,270.64,8,704,1.31,20.6,High Value
CUST-0034,8,4602.4,647.4,11,0.0938,2023-05-09,2024-11-12,Consumer,North,575.3,49,602,0.44,14.07,Regular
CUST-0035,9,5731.5,1090.5,14,0.05,2023-05-03,2024-09-11,Consumer,East,636.83,111,608,0.55,19.03,Regular
CUST-0036,1,21.6,11.6,2,0.1,2024-08-30,2024-08-30,Consumer,South,21.6,123,123,1.0,53.7,Dormant / Low Engagement
CUST-0037,8,3897.95,121.95,26,0.1312,2023-06-11,2024-09-05,Consumer,North,487.24,117,569,0.54,3.13,Regular
CUST-0038,2,28.0,17.0,3,0.0,2024-09-08,2024-12-28,Consumer,Central,14.0,3,114,0.55,60.71,New
CUST-0039,3,232.8,97.8,8,0.0167,2024-06-01,2024-12-19,Corporate,West,77.6,12,213,0.45,42.01,Regular
CUST-0040,4,2284.0,372.0,5,0.0875,2023-09-04,2024-12-08,Consumer,West,571.0,23,484,0.26,16.29,Regular
CUST-0041,3,828.0,43.0,4,0.1667,2023-05-07,2024-07-25,Corporate,West,276.0,159,604,0.2,5.19,Dormant / Low Engagement
CUST-0042,8,3743.25,748.25,12,0.075,2023-04-13,2024-12-27,Consumer,North,467.91,4,628,0.39,19.99,Regular
CUST-0043,21,9844.35,914.35,48,0.1071,2023-02-01,2024-12-03,Corporate,West,468.78,28,699,0.95,9.29,High Value
CUST-0044,6,4144.8,915.8,11,0.0917,2023-11-18,2024-11-23,Corporate,South,690.8,38,409,0.49,22.1,Regular
CUST-0045,4,1888.0,129.0,6,0.05,2023-05-13,2024-12-15,Consumer,South,472.0,16,598,0.21,6.83,Regular
CUST-0046,3,1728.0,463.0,7,0.0333,2023-11-05,2024-12-19,Consumer,West,576.0,12,422,0.22,26.79,Regular
CUST-0047,1,85.5,40.5,5,0.05,2024-12-01,2024-12-01,Consumer,Central,85.5,30,30,1.0,47.37,New
CUST-0048,8,4908.0,869.0,13,0.1562,2023-07-02,2024-11-06,Consumer,East,613.5,55,548,0.49,17.71,Regular
CUST-0049,10,5749.75,799.75,22,0.14,2023-04-08,2024-12-28,Consumer,North,574.98,3,633,0.48,13.91,Regular
CUST-0050,7,4053.4,808.4,17,0.1214,2023-11-22,2024-12-08,Corporate,North,579.06,23,405,0.56,19.94,Regular
CUST-0051,19,9500.2,1535.2,38,0.1263,2023-01-14,2024-11-14,Small Business,North,500.01,47,717,0.86,16.16,High Value
CUST-0052,7,1496.45,324.45,16,0.0643,2023-06-26,2024-11-25,Consumer,Central,213.78,36,554,0.41,21.68,Regular
CUST-0053,7,2905.5,138.5,21,0.1571,2023-12-12,2024-11-24,Corporate,West,415.07,37,385,0.61,4.77,Regular
CUST-0054,12,3922.25,576.25,15,0.0875,2023-07-17,2024-08-19,Corporate,South,326.85,134,533,0.91,14.69,At Risk
CUST-0055,15,14384.2,1914.2,39,0.0867,2023-04-07,2024-12-30,Corporate,East,958.95,1,634,0.72,13.31,High Value
CUST-0056,8,3517.4,564.4,15,0.0625,2023-01-30,2024-12-29,Small Business,South,439.68,2,701,0.35,16.05,Regular
CUST-0057,4,2533.65,-66.35,9,0.125,2023-10-09,2024-11-08,Consumer,East,633.41,53,449,0.31,-2.62,Regular
CUST-0058,9,5951.7,1368.7,24,0.0389,2023-01-01,2024-11-28,Consumer,East,661.3,33,730,0.39,23.0,Regular
CUST-0059,7,4721.5,481.5,14,0.1643,2023-05-18,2024-11-19,Corporate,North,674.5,42,593,0.39,10.2,Regular
CUST-0060,31,20411.85,3062.85,76,0.0871,2023-01-07,2024-12-26,Consumer,Central,658.45,5,724,1.31,15.01,High Value
CUST-0061,8,10342.8,434.8,29,0.0812,2023-08-15,2024-12-09,Consumer,North,1292.85,22,504,0.5,4.2,High Value
CUST-0062,9,13356.35,2584.35,28,0.1167,2023-02-02,2024-06-12,Small Business,North,1484.04,202,698,0.55,19.35,At Risk
CUST-0063,9,2172.8,459.8,16,0.0778,2023-01-03,2024-11-20,Corporate,East,241.42,41,728,0.4,21.16,Regular
CUST-0064,4,2678.25,626.25,5,0.0875,2024-05-16,2024-12-10,Consumer,North,669.56,21,229,0.58,23.38,Regular
CUST-0065,7,2323.4,-107.6,16,0.1214,2023-05-31,2024-12-30,Small Business,East,331.91,1,580,0.37,-4.63,Regular
CUST-0066,2,800.0,97.0,5,0.05,2023-04-23,2023-12-28,Consumer,West,400.0,369,618,0.24,12.12,Dormant / Low Engagement
CUST-0067,5,2123.5,-457.5,10,0.17,2023-09-11,2024-12-01,Small Business,West,424.7,30,477,0.34,-21.54,Regular
CUST-0068,3,2457.5,567.5,3,0.0167,2023-10-06,2024-11-02,Consumer,North,819.17,59,452,0.23,23.09,Regular
CUST-0069,32,18785.65,3170.65,67,0.0953,2023-02-10,2024-12-29,Corporate,North,587.05,2,690,1.41,16.88,High Value
CUST-0070,10,4067.0,-223.0,21,0.155,2023-02-20,2024-12-06,Corporate,North,406.7,25,680,0.46,-5.48,Regular
CUST-0071,12,6193.05,964.05,24,0.1083,2023-02-11,2024-12-26,Corporate,East,516.09,5,689,0.53,15.57,High Value
CUST-0072,8,6215.3,1559.3,15,0.075,2023-02-25,2024-09-05,Consumer,West,776.91,117,675,0.44,25.09,High Value
CUST-0073,10,1930.2,261.2,19,0.035,2023-02-13,2024-07-28,Consumer,West,193.02,156,687,0.57,13.53,At Risk
CUST-0074,11,5204.9,753.9,18,0.1,2023-02-08,2024-12-31,Small Business,East,473.17,0,692,0.48,14.48,Regular
CUST-0075,8,3874.0,1063.0,18,0.0375,2023-05-27,2024-12-31,Consumer,South,484.25,0,584,0.42,27.44,Regular
CUST-0076,6,1285.3,404.3,12,0.0583,2023-04-24,2024-05-22,Consumer,Central,214.22,223,617,0.46,31.46,At Risk
CUST-0077,6,1364.5,-99.5,16,0.1083,2023-01-08,2024-12-01,Small Business,East,227.42,30,723,0.26,-7.29,Regular
CUST-0078,4,866.5,-48.5,4,0.25,2023-03-27,2024-02-24,Corporate,East,216.62,311,645,0.36,-5.6,Dormant / Low Engagement
CUST-0079,9,14062.5,3233.5,36,0.0389,2023-02-15,2024-12-07,Consumer,West,1562.5,24,685,0.41,22.99,High Value
CUST-0080,7,4493.55,1044.55,16,0.0571,2023-06-24,2024-12-09,Consumer,East,641.94,22,556,0.4,23.25,Regular
CUST-0081,4,453.4,168.4,13,0.1125,2023-11-28,2024-04-05,Small Business,Central,113.35,270,399,0.94,37.14,Dormant / Low Engagement
CUST-0082,5,408.7,65.7,9,0.14,2023-03-20,2024-11-15,Consumer,North,81.74,46,652,0.25,16.08,Regular
CUST-0083,9,4887.6,628.6,21,0.0944,2023-01-24,2024-12-17,Consumer,Central,543.07,14,707,0.39,12.86,Regular
CUST-0084,9,2288.35,-20.65,14,0.1278,2023-04-05,2024-11-19,Small Business,South,254.26,42,636,0.46,-0.9,Regular
CUST-0085,8,3896.5,493.5,13,0.0875,2023-03-23,2024-12-03,Small Business,South,487.06,28,649,0.39,12.67,Regular
CUST-0086,6,4993.0,566.0,19,0.1667,2023-09-09,2024-12-07,Corporate,Central,832.17,24,479,0.4,11.34,Regular
CUST-0087,5,6691.25,1457.25,18,0.03,2023-11-03,2024-11-03,Corporate,North,1338.25,58,424,0.42,21.78,High Value
CUST-0088,7,2266.0,-13.0,14,0.1,2023-01-29,2024-11-06,Small Business,North,323.71,55,702,0.33,-0.57,Regular
CUST-0089,6,2220.75,156.75,12,0.125,2023-04-11,2024-12-11,Small Business,West,370.12,20,630,0.3,7.06,Regular
CUST-0090,13,6911.0,153.0,42,0.1038,2023-04-08,2024-12-15,Corporate,South,531.62,16,633,0.64,2.21,High Value
CUST-0091,6,4203.4,1051.4,8,0.0917,2023-05-15,2024-11-21,Corporate,West,700.57,40,596,0.33,25.01,Regular
CUST-0092,3,1654.25,527.25,9,0.0167,2023-01-14,2024-11-24,Small Business,East,551.42,37,717,0.13,31.87,Regular
CUST-0093,5,1840.25,384.25,10,0.09,2023-12-27,2024-09-17,Corporate,East,368.05,105,370,0.57,20.88,Regular
CUST-0094,6,3130.25,243.25,13,0.15,2023-08-13,2024-11-09,Corporate,West,521.71,52,506,0.4,7.77,Regular
CUST-0095,7,7036.0,1540.0,20,0.0429,2023-01-02,2024-11-26,Consumer,North,1005.14,35,729,0.31,21.89,High Value
CUST-0096,8,7444.8,2003.8,16,0.0625,2023-05-08,2024-12-12,Consumer,South,930.6,19,603,0.42,26.92,High Value
CUST-0097,22,10815.7,1352.7,54,0.0955,2023-01-15,2024-12-22,Consumer,East,491.62,9,716,0.95,12.51,High Value
CUST-0098,7,3163.1,569.1,13,0.1,2023-07-13,2024-12-10,Consumer,West,451.87,21,537,0.41,17.99,Regular
CUST-0099,6,5365.5,867.5,17,0.15,2023-07-27,2024-05-20,Consumer,East,894.25,225,523,0.61,16.17,At Risk
CUST-0100,25,8587.25,427.25,48,0.104,2023-03-04,2024-12-16,Consumer,East,343.49,15,668,1.16,4.98,High Value
CUST-0101,9,8940.5,995.5,19,0.1167,2023-08-02,2024-12-16,Consumer,East,993.39,15,517,0.55,11.13,High Value
CUST-0102,4,1373.6,196.6,5,0.0875,2023-03-12,2024-12-21,Corporate,West,343.4,10,660,0.19,14.31,Regular
CUST-0103,2,57.95,29.95,3,0.05,2023-11-27,2024-11-12,Corporate,South,28.98,49,400,0.17,51.68,Regular
CUST-0104,27,10161.6,1282.6,56,0.1,2023-02-02,2024-12-27,Consumer,South,376.36,4,698,1.18,12.62,High Value
CUST-0105,5,4553.75,1091.75,11,0.02,2023-02-01,2024-11-28,Consumer,Central,910.75,33,699,0.23,23.97,Regular
CUST-0106,1,225.0,115.0,5,0.0,2024-07-21,2024-07-21,Corporate,South,225.0,163,163,1.0,51.11,Dormant / Low Engagement
CUST-0107,5,565.75,72.75,5,0.14,2023-04-25,2024-04-09,Consumer,North,113.15,266,616,0.43,12.86,Dormant / Low Engagement
CUST-0108,4,2476.4,-131.6,11,0.1625,2023-08-21,2024-11-18,Corporate,East,619.1,43,498,0.27,-5.31,Regular
CUST-0109,3,373.0,83.0,5,0.0833,2023-04-12,2024-01-08,Small Business,West,124.33,358,629,0.34,22.25,Dormant / Low Engagement
CUST-0110,3,685.1,142.1,4,0.0333,2023-04-05,2024-11-27,Corporate,South,228.37,34,636,0.15,20.74,Regular
CUST-0111,28,10694.4,1401.4,51,0.0946,2023-01-04,2024-12-29,Consumer,West,381.94,2,727,1.17,13.1,High Value
CUST-0112,24,12562.05,1657.05,51,0.0729,2023-02-10,2024-12-13,Consumer,North,523.42,18,690,1.09,13.19,High Value
CUST-0113,7,3527.75,-71.25,18,0.1286,2023-07-21,2024-11-09,Small Business,West,503.96,52,529,0.45,-2.02,Regular
CUST-0114,4,7389.0,557.0,15,0.075,2023-03-08,2024-11-09,Consumer,East,1847.25,52,664,0.2,7.54,High Value
CUST-0115,7,4011.5,565.5,13,0.0643,2023-06-04,2024-12-28,Consumer,South,573.07,3,576,0.37,14.1,Regular
CUST-0116,20,6007.4,303.4,38,0.095,2023-01-07,2024-12-21,Corporate,East,300.37,10,724,0.85,5.05,High Value
CUST-0117,10,6026.1,833.1,24,0.075,2023-06-27,2024-12-22,Consumer,East,602.61,9,553,0.56,13.82,High Value
CUST-0118,6,3375.0,436.0,12,0.1167,2023-05-18,2024-12-25,Small Business,East,562.5,6,593,0.31,12.92,Regular
CUST-0119,17,6823.3,1267.3,33,0.0706,2023-01-22,2024-12-14,Consumer,East,401.37,17,709,0.75,18.57,High Value
CUST-0120,6,7142.0,1178.0,14,0.0917,2023-03-15,2024-12-17,Corporate,Central,1190.33,14,657,0.28,16.49,High Value
CUST-0121,6,1882.4,102.4,15,0.1667,2023-02-26,2024-11-30,Consumer,East,313.73,31,674,0.28,5.44,Regular
CUST-0122,7,4776.85,804.85,12,0.1143,2023-04-07,2024-12-29,Corporate,Central,682.41,2,634,0.34,16.85,Regular
CUST-0123,7,6080.0,1570.0,22,0.0286,2023-10-14,2024-12-11,Small Business,Central,868.57,20,444,0.5,25.82,High Value
CUST-0124,22,10078.85,883.85,49,0.0932,2023-03-10,2024-12-07,Consumer,North,458.13,24,662,1.05,8.77,High Value
CUST-0125,30,34397.45,6255.45,76,0.0817,2023-01-11,2024-12-22,Consumer,East,1146.58,9,720,1.28,18.19,High Value
CUST-0126,24,14468.35,2812.35,50,0.0854,2023-01-13,2024-12-18,Consumer,West,602.85,13,718,1.03,19.44,High Value
CUST-0127,17,8021.7,960.7,29,0.0647,2023-03-10,2024-12-04,Corporate,South,471.86,27,662,0.81,11.98,High Value
CUST-0128,6,1338.5,84.5,9,0.125,2023-02-21,2024-11-25,Corporate,East,223.08,36,679,0.28,6.31,Regular
CUST-0129,6,2185.45,131.45,11,0.1417,2023-12-05,2024-10-17,Corporate,West,364.24,75,392,0.58,6.01,Regular
CUST-0130,5,4800.0,226.0,13,0.12,2023-03-02,2024-12-10,Consumer,West,960.0,21,670,0.23,4.71,Regular
CUST-0131,2,783.0,-27.0,4,0.2,2023-08-20,2023-11-09,Small Business,South,391.5,418,499,0.75,-3.45,Dormant / Low Engagement
CUST-0132,6,3193.0,635.0,12,0.1333,2023-11-28,2024-12-16,Corporate,South,532.17,15,399,0.48,19.89,Regular
CUST-0133,6,900.2,225.2,12,0.0833,2023-01-14,2024-12-20,Small Business,South,150.03,11,717,0.26,25.02,Regular
CUST-0134,4,611.5,183.5,7,0.05,2023-09-14,2024-05-01,Corporate,North,152.88,244,474,0.53,30.01,Dormant / Low Engagement
CUST-0135,5,2144.2,164.2,12,0.16,2023-03-22,2024-12-30,Corporate,West,428.84,1,650,0.23,7.66,Regular
CUST-0136,15,6063.7,955.7,34,0.1033,2023-02-19,2024-12-07,Small Business,South,404.25,24,681,0.69,15.76,High Value
CUST-0137,11,2088.1,152.1,19,0.0773,2023-02-21,2024-11-11,Small Business,North,189.83,50,679,0.53,7.28,Regular
CUST-0138,7,312.9,8.9,9,0.1286,2023-04-18,2024-12-04,Small Business,Central,44.7,27,623,0.36,2.84,Regular
CUST-0139,8,1310.9,-241.1,20,0.1562,2023-02-09,2024-09-21,Corporate,South,163.86,101,691,0.41,-18.39,Regular
CUST-0140,1,765.0,165.0,1,0.1,2023-06-20,2023-06-20,Consumer,East,765.0,560,560,1.0,21.57,Dormant / Low Engagement
CUST-0141,26,11847.2,1575.2,52,0.1135,2023-03-04,2024-12-25,Corporate,West,455.66,6,668,1.19,13.3,High Value
CUST-0142,6,2062.5,-42.5,14,0.1333,2023-01-06,2024-05-01,Consumer,North,343.75,244,725,0.38,-2.06,At Risk
CUST-0144,3,1912.25,-102.75,9,0.2167,2023-02-09,2024-02-25,Consumer,North,637.42,310,691,0.24,-5.37,Dormant / Low Engagement
CUST-0145,23,13941.15,2852.15,51,0.0565,2023-01-09,2024-12-30,Corporate,North,606.14,1,722,0.97,20.46,High Value
CUST-0146,3,2318.0,-235.0,5,0.15,2024-03-03,2024-11-05,Corporate,North,772.67,56,303,0.37,-10.14,Regular
CUST-0147,18,7727.55,1229.55,32,0.1306,2023-03-23,2024-12-28,Corporate,North,429.31,3,649,0.85,15.91,High Value
CUST-0148,7,1345.9,228.9,12,0.1,2023-07-31,2024-12-04,Small Business,South,192.27,27,519,0.43,17.01,Regular
CUST-0149,3,15789.0,289.0,4,0.05,2023-09-23,2024-06-02,Corporate,Central,5263.0,212,465,0.36,1.83,At Risk
CUST-0150,23,6852.35,1115.75,58,0.0739,2023-05-17,2024-12-28,Corporate,South,297.93,3,594,1.18,16.28,High Value
CUST-0151,5,6505.0,-242.0,18,0.08,2023-03-11,2024-11-05,Corporate,East,1301.0,56,661,0.25,-3.72,High Value
CUST-0152,4,638.75,127.75,7,0.05,2023-04-26,2024-04-13,Small Business,North,159.69,262,615,0.34,20.0,Dormant / Low Engagement
CUST-0153,18,20982.4,2970.4,45,0.0861,2023-03-16,2024-12-14,Consumer,South,1165.69,17,656,0.86,14.16,High Value
CUST-0154,6,5059.2,169.2,16,0.125,2023-01-22,2024-12-24,Consumer,North,843.2,7,709,0.26,3.34,Regular
CUST-0155,8,2616.1,62.1,13,0.0812,2023-03-08,2024-12-01,Corporate,East,327.01,30,664,0.38,2.37,Regular
CUST-0156,3,166.75,68.75,6,0.0167,2023-05-02,2024-11-21,Consumer,South,55.58,40,609,0.16,41.23,Regular
CUST-0157,20,16556.55,2633.55,44,0.07,2023-02-26,2024-12-29,Consumer,Central,827.83,2,674,0.9,15.91,High Value
CUST-0158,6,1340.6,311.6,16,0.1167,2023-05-12,2023-12-09,Small Business,North,223.43,388,599,0.86,23.24,At Risk
CUST-0159,21,12568.8,1281.8,46,0.0881,2023-02-19,2024-12-26,Corporate,Central,598.51,5,681,0.94,10.2,High Value
CUST-0160,11,1710.2,-85.8,21,0.1864,2023-01-09,2024-12-06,Corporate,Central,155.47,25,722,0.48,-5.02,Regular
CUST-0161,9,2990.0,414.0,17,0.1333,2023-01-17,2024-12-06,Corporate,East,332.22,25,714,0.4,13.85,Regular
CUST-0162,3,184.0,59.0,6,0.1167,2024-06-11,2024-12-09,Corporate,East,61.33,22,203,0.5,32.07,Regular
CUST-0163,1,12.8,6.8,2,0.2,2024-10-12,2024-10-12,Consumer,South,12.8,80,80,1.0,53.12,New
CUST-0164,8,8075.4,1053.4,22,0.0938,2023-08-17,2024-12-23,Small Business,South,1009.42,8,502,0.49,13.04,High Value
CUST-0165,6,1135.0,116.0,12,0.0667,2023-12-08,2024-09-16,Consumer,North,189.17,106,389,0.64,10.22,Regular
CUST-0166,20,7515.55,1071.55,41,0.105,2023-01-15,2024-12-31,Consumer,East,375.78,0,716,0.85,14.26,High Value
CUST-0167,5,934.0,192.0,6,0.09,2023-10-21,2024-11-05,Small Business,Central,186.8,56,437,0.4,20.56,Regular
CUST-0168,2,57.0,29.0,4,0.05,2023-02-05,2024-03-22,Corporate,South,28.5,284,695,0.15,50.88,Dormant / Low Engagement
CUST-0169,3,3296.0,575.0,10,0.0333,2023-03-11,2024-09-07,Corporate,North,1098.67,115,661,0.17,17.45,Regular
CUST-0170,3,732.0,-43.0,5,0.2667,2023-04-08,2023-12-09,Small Business,Central,244.0,388,633,0.37,-5.87,Dormant / Low Engagement
CUST-0171,6,1003.0,119.0,14,0.1083,2023-02-06,2024-08-23,Corporate,South,167.17,130,694,0.32,11.86,At Risk
CUST-0172,18,7985.8,616.8,39,0.1139,2023-01-24,2024-12-02,Small Business,North,443.66,29,707,0.81,7.72,High Value
CUST-0173,3,757.0,-83.0,3,0.2333,2023-12-12,2024-12-23,Consumer,West,252.33,8,385,0.24,-10.96,Regular
CUST-0174,3,2054.25,367.25,4,0.0333,2024-07-08,2024-12-20,Consumer,East,684.75,11,176,0.55,17.88,Regular
CUST-0176,3,715.2,-120.8,5,0.25,2023-09-05,2024-07-14,Consumer,South,238.4,170,483,0.29,-16.89,Dormant / Low Engagement
CUST-0178,8,5090.6,1148.6,15,0.0938,2023-08-20,2024-11-08,Small Business,Central,636.33,53,499,0.55,22.56,Regular
CUST-0179,2,646.0,106.0,3,0.05,2023-11-13,2023-12-26,Corporate,Central,323.0,371,414,1.41,16.41,Dormant / Low Engagement
CUST-0180,23,16438.75,2011.75,54,0.0739,2023-03-08,2024-11-23,Consumer,South,714.73,38,664,1.12,12.24,High Value
CUST-0181,7,1032.7,181.7,14,0.0786,2023-07-20,2024-11-23,Small Business,East,147.53,38,530,0.43,17.59,Regular
CUST-0182,4,509.6,7.6,5,0.15,2023-01-01,2024-11-28,Corporate,Central,127.4,33,730,0.17,1.49,Regular
CUST-0183,3,1344.0,0.0,5,0.1333,2023-01-04,2024-11-30,Consumer,East,448.0,31,727,0.13,0.0,Regular
CUST-0184,3,1274.5,350.5,7,0.0333,2024-01-02,2024-08-20,Corporate,East,424.83,133,364,0.39,27.5,Dormant / Low Engagement
CUST-0185,4,1667.0,125.0,7,0.0875,2023-11-30,2024-07-01,Corporate,East,416.75,183,397,0.57,7.5,Dormant / Low Engagement
CUST-0186,20,8374.7,1056.7,30,0.0825,2023-01-01,2024-11-06,Consumer,North,418.74,55,730,0.9,12.62,High Value
CUST-0187,2,270.0,58.0,2,0.05,2024-12-27,2024-12-31,Corporate,East,135.0,0,4,2.0,21.48,New
CUST-0188,26,12843.1,2613.1,62,0.0885,2023-02-14,2024-12-01,Consumer,North,493.97,30,686,1.2,20.35,High Value
CUST-0189,6,1353.9,275.9,15,0.0667,2023-02-20,2024-12-15,Consumer,East,225.65,16,680,0.27,20.38,Regular
CUST-0190,5,1045.6,264.6,8,0.05,2023-04-08,2023-12-02,Consumer,Central,209.12,395,633,0.64,25.31,Dormant / Low Engagement
CUST-0191,11,9139.7,1961.7,24,0.0636,2023-03-26,2024-11-04,Corporate,West,830.88,57,646,0.57,21.46,High Value
CUST-0192,7,1724.75,261.75,17,0.1071,2023-05-21,2024-12-08,Corporate,West,246.39,23,590,0.38,15.18,Regular
CUST-0193,7,4516.25,584.25,10,0.15,2023-04-08,2024-12-13,Consumer,Central,645.18,18,633,0.35,12.94,Regular
CUST-0194,5,2301.5,402.5,10,0.11,2023-06-12,2024-12-07,Consumer,South,460.3,24,568,0.28,17.49,Regular
CUST-0195,6,2261.8,444.8,9,0.1,2023-04-14,2024-11-24,Consumer,South,376.97,37,627,0.31,19.67,Regular
CUST-0196,21,12291.7,290.7,52,0.131,2023-01-16,2024-11-25,Consumer,North,585.32,36,715,0.94,2.37,High Value
CUST-0197,20,8264.2,1630.2,51,0.09,2023-01-03,2024-12-29,Consumer,North,413.21,2,728,0.84,19.73,High Value
CUST-0198,9,13454.1,1840.1,31,0.1611,2023-02-28,2024-12-26,Corporate,North,1494.9,5,672,0.41,13.68,High Value
CUST-0199,5,473.5,132.5,11,0.1,2023-05-04,2024-12-20,Small Business,South,94.7,11,607,0.26,27.98,Regular
CUST-0200,33,9793.75,1985.75,71,0.1015,2023-01-14,2024-12-25,Consumer,North,296.78,6,717,1.41,20.28,High Value
CUST-0201,8,2875.7,510.7,14,0.0812,2023-06-04,2024-11-09,Consumer,North,359.46,52,576,0.46,17.76,Regular
CUST-0202,6,7607.5,1161.5,18,0.0417,2023-04-25,2024-12-26,Consumer,North,1267.92,5,616,0.3,15.27,High Value
CUST-0203,10,4302.1,309.1,31,0.105,2023-06-19,2024-12-20,Consumer,South,430.21,11,561,0.55,7.18,Regular
CUST-0204,7,2814.0,507.0,16,0.1071,2023-01-09,2024-06-17,Corporate,North,402.0,197,722,0.41,18.02,At Risk
CUST-0205,5,2550.65,156.65,9,0.12,2023-01-04,2024-11-03,Corporate,North,510.13,58,727,0.23,6.14,Regular
CUST-0206,6,3769.4,790.4,16,0.0583,2023-01-09,2024-11-26,Small Business,North,628.23,35,722,0.27,20.97,Regular
CUST-0207,2,1395.0,-465.0,4,0.325,2023-01-04,2024-11-12,Corporate,West,697.5,49,727,0.09,-33.33,Regular
CUST-0208,4,2246.0,-254.0,7,0.2,2023-02-07,2024-11-07,Consumer,South,561.5,54,693,0.19,-11.31,Regular
CUST-0209,5,2201.0,-67.0,14,0.17,2023-07-18,2024-12-24,Corporate,South,440.2,7,532,0.29,-3.04,Regular
CUST-0210,4,4448.9,998.9,8,0.1,2023-03-30,2024-11-01,Corporate,North,1112.22,60,642,0.21,22.45,Regular
CUST-0211,7,4918.4,532.4,15,0.1,2023-01-23,2024-12-29,Corporate,West,702.63,2,708,0.3,10.82,Regular
CUST-0212,7,2260.0,-145.0,9,0.2286,2023-04-27,2024-12-05,Corporate,North,322.86,26,614,0.36,-6.42,Regular
CUST-0213,7,3393.2,350.2,13,0.1071,2023-12-29,2024-12-23,Corporate,North,484.74,8,368,0.59,10.32,Regular
CUST-0214,3,856.8,41.8,5,0.1333,2023-07-21,2024-12-26,Consumer,North,285.6,5,529,0.17,4.88,Regular
CUST-0215,28,13715.15,1671.15,74,0.0893,2023-01-16,2024-12-27,Consumer,South,489.83,4,715,1.2,12.18,High Value
CUST-0216,7,2863.2,423.2,10,0.1357,2023-06-06,2024-12-16,Small Business,East,409.03,15,574,0.38,14.78,Regular
CUST-0217,20,19421.8,4336.8,50,0.08,2023-01-18,2024-12-05,Corporate,East,971.09,26,713,0.89,22.33,High Value
CUST-0218,2,54.6,27.6,2,0.1,2023-04-23,2024-04-07,Corporate,East,27.3,268,618,0.17,50.55,Dormant / Low Engagement
CUST-0219,7,2242.35,87.35,11,0.1643,2023-03-22,2024-11-18,Consumer,North,320.34,43,650,0.35,3.9,Regular
CUST-0220,10,2429.1,-11.9,19,0.12,2023-02-04,2024-12-25,Consumer,East,242.91,6,696,0.44,-0.49,Regular
CUST-0221,5,1551.0,199.0,7,0.06,2023-02-24,2024-09-15,Consumer,Central,310.2,107,676,0.27,12.83,Regular
CUST-0222,9,8464.0,1304.0,21,0.0889,2023-01-29,2024-12-14,Consumer,North,940.44,17,702,0.4,15.41,High Value
CUST-0223,5,3340.0,440.0,12,0.07,2023-10-18,2024-09-20,Consumer,North,668.0,102,440,0.45,13.17,Regular
CUST-0224,2,790.0,20.0,3,0.175,2023-04-06,2023-11-15,Consumer,North,395.0,412,635,0.27,2.53,Dormant / Low Engagement
CUST-0225,5,2261.0,-13.0,8,0.17,2023-07-05,2024-11-23,Consumer,East,452.2,38,545,0.3,-0.57,Regular
CUST-0226,5,1701.2,314.2,10,0.1,2023-01-30,2024-11-13,Small Business,North,340.24,48,701,0.23,18.47,Regular
CUST-0227,3,682.5,32.5,3,0.1167,2023-12-23,2024-07-18,Small Business,West,227.5,166,374,0.44,4.76,Dormant / Low Engagement
CUST-0228,6,1932.5,217.5,15,0.1083,2023-01-18,2024-11-26,Consumer,North,322.08,35,713,0.27,11.25,Regular
CUST-0229,4,1195.0,308.0,11,0.05,2023-03-28,2024-12-01,Small Business,East,298.75,30,644,0.2,25.77,Regular
CUST-0230,6,2865.4,550.4,8,0.1167,2023-02-14,2024-12-18,Consumer,West,477.57,13,686,0.27,19.21,Regular
CUST-0231,6,4305.0,321.0,10,0.1083,2023-11-20,2024-12-11,Consumer,South,717.5,20,407,0.47,7.46,Regular
CUST-0232,9,5224.9,326.9,23,0.1333,2023-06-09,2024-12-21,Consumer,North,580.54,10,571,0.49,6.26,Regular
CUST-0233,7,5783.0,1093.0,17,0.15,2023-02-02,2023-12-30,Consumer,East,826.14,367,698,0.64,18.9,At Risk
CUST-0234,25,20934.2,3143.2,57,0.09,2023-02-15,2024-12-27,Consumer,East,837.37,4,685,1.12,15.01,High Value
CUST-0235,20,12313.2,2478.2,42,0.0675,2023-02-09,2024-12-10,Consumer,North,615.66,21,691,0.91,20.13,High Value
CUST-0236,4,331.95,106.95,8,0.1375,2023-04-28,2024-11-18,Small Business,South,82.99,43,613,0.21,32.22,Regular
CUST-0237,6,4777.0,189.0,14,0.0833,2023-01-05,2024-12-25,Consumer,East,796.17,6,726,0.25,3.96,Regular
CUST-0238,10,3945.9,364.9,21,0.085,2023-01-30,2024-11-01,Corporate,South,394.59,60,701,0.47,9.25,Regular
CUST-0239,6,3121.6,589.6,13,0.1583,2023-03-04,2024-07-03,Consumer,Central,520.27,181,668,0.37,18.89,At Risk
CUST-0240,3,227.0,110.0,11,0.0167,2024-07-03,2024-11-02,Small Business,North,75.67,59,181,0.75,48.46,Regular
CUST-0241,25,18291.9,1973.9,67,0.122,2023-03-29,2024-12-30,Small Business,North,731.68,1,643,1.18,10.79,High Value
CUST-0242,8,11224.7,1995.7,27,0.0812,2023-02-24,2024-11-17,Corporate,East,1403.09,44,676,0.38,17.78,High Value
CUST-0243,1,36.0,18.0,2,0.0,2024-12-25,2024-12-25,Consumer,West,36.0,6,6,1.0,50.0,New
CUST-0244,2,610.0,162.0,4,0.125,2023-08-28,2024-01-06,Consumer,North,305.0,360,491,0.46,26.56,Dormant / Low Engagement
CUST-0246,2,540.0,0.0,3,0.2,2023-06-13,2024-06-25,Small Business,South,270.0,189,567,0.16,0.0,Dormant / Low Engagement
CUST-0247,7,6991.75,1449.75,16,0.0357,2023-01-13,2024-11-22,Consumer,South,998.82,39,718,0.31,20.74,High Value
CUST-0248,7,3622.8,106.8,23,0.0929,2023-06-08,2024-11-05,Consumer,West,517.54,56,572,0.41,2.95,Regular
CUST-0249,7,2328.1,404.1,14,0.0714,2023-02-23,2024-11-22,Consumer,West,332.59,39,677,0.33,17.36,Regular
CUST-0250,4,5102.5,1205.5,12,0.0875,2023-05-08,2023-12-08,Corporate,Central,1275.62,389,603,0.57,23.63,At Risk
CUST-0251,6,4424.15,616.15,9,0.1083,2023-02-17,2024-09-15,Consumer,Central,737.36,107,683,0.32,13.93,Regular
CUST-0252,7,3105.25,544.25,24,0.0786,2023-02-01,2024-12-01,Consumer,North,443.61,30,699,0.32,17.53,Regular
CUST-0253,5,1519.15,286.15,10,0.14,2023-01-08,2024-07-27,Corporate,East,303.83,157,723,0.27,18.84,Dormant / Low Engagement
CUST-0254,7,5646.0,38.0,22,0.0857,2023-06-20,2024-12-01,Corporate,North,806.57,30,560,0.4,0.67,Regular
CUST-0255,16,12840.4,2826.4,37,0.0594,2023-02-09,2024-12-14,Consumer,West,802.52,17,691,0.72,22.01,High Value
CUST-0256,2,3181.0,171.0,6,0.15,2023-11-08,2024-01-30,Corporate,West,1590.5,336,419,0.73,5.38,Dormant / Low Engagement
CUST-0257,25,11961.0,2550.0,52,0.072,2023-01-31,2024-12-17,Consumer,West,478.44,14,700,1.11,21.32,High Value
CUST-0258,6,1890.2,360.2,8,0.05,2023-10-13,2024-11-11,Small Business,North,315.03,50,445,0.46,19.06,Regular
CUST-0259,6,2493.05,682.05,17,0.0833,2023-05-08,2024-11-16,Corporate,North,415.51,45,603,0.33,27.36,Regular
CUST-0260,2,259.6,64.6,2,0.1,2023-09-14,2024-07-27,Corporate,West,129.8,157,474,0.19,24.88,Dormant / Low Engagement
CUST-0261,6,3715.0,652.0,13,0.0333,2023-01-18,2024-02-10,Corporate,East,619.17,325,713,0.47,17.55,At Risk
CUST-0262,2,1395.0,-165.0,4,0.25,2023-09-15,2023-12-03,Consumer,Central,697.5,394,473,0.77,-11.83,Dormant / Low Engagement
CUST-0263,7,2264.0,54.0,15,0.1714,2023-02-01,2024-11-18,Corporate,South,323.43,43,699,0.32,2.39,Regular
CUST-0264,5,2785.0,529.0,6,0.05,2023-02-17,2024-07-15,Small Business,North,557.0,169,683,0.3,18.99,Dormant / Low Engagement
CUST-0265,26,9515.45,1707.45,63,0.0904,2023-02-17,2024-12-30,Corporate,East,365.98,1,683,1.16,17.94,High Value
CUST-0266,5,2638.5,288.5,14,0.13,2023-11-29,2024-08-05,Small Business,Central,527.7,148,398,0.61,10.93,Dormant / Low Engagement
CUST-0267,1,1020.0,120.0,1,0.15,2023-11-23,2023-11-23,Corporate,Central,1020.0,404,404,1.0,11.76,Dormant / Low Engagement
CUST-0268,5,2815.55,393.55,11,0.08,2023-05-22,2024-12-14,Consumer,East,563.11,17,589,0.27,13.98,Regular
CUST-0269,5,2563.75,539.75,7,0.05,2023-02-07,2024-09-22,Consumer,West,512.75,100,693,0.26,21.05,Regular
CUST-0270,34,16829.0,2992.0,79,0.0868,2023-01-09,2024-12-30,Small Business,South,494.97,1,722,1.43,17.78,High Value
CUST-0271,22,10966.05,1861.05,48,0.1136,2023-02-19,2024-12-27,Small Business,West,498.46,4,681,0.99,16.97,High Value
CUST-0272,6,1833.95,420.95,11,0.05,2023-08-26,2024-11-14,Small Business,West,305.66,47,493,0.41,22.95,Regular
CUST-0273,24,21945.3,4086.3,67,0.0938,2023-01-17,2024-12-28,Corporate,South,914.39,3,714,1.03,18.62,High Value
CUST-0274,28,15477.7,3082.7,65,0.0679,2023-02-12,2024-12-25,Consumer,West,552.78,6,688,1.25,19.92,High Value
CUST-0275,10,6699.6,1110.6,20,0.08,2023-04-22,2024-12-20,Consumer,South,669.96,11,619,0.5,16.58,High Value
CUST-0276,4,2099.5,432.5,7,0.1125,2023-03-01,2024-08-10,Small Business,South,524.88,143,671,0.23,20.6,Dormant / Low Engagement
CUST-0277,4,1068.0,-360.0,9,0.275,2023-01-03,2024-10-25,Corporate,South,267.0,67,728,0.18,-33.71,Regular
CUST-0278,6,2435.1,155.1,14,0.1,2023-02-17,2024-11-29,Consumer,North,405.85,32,683,0.28,6.37,Regular
CUST-0279,3,476.4,71.4,4,0.1,2023-01-25,2024-06-19,Consumer,South,158.8,195,706,0.18,14.99,Dormant / Low Engagement
CUST-0280,6,3270.0,632.0,19,0.1,2023-03-29,2024-12-18,Consumer,East,545.0,13,643,0.29,19.33,Regular
CUST-0281,5,1106.0,242.0,7,0.06,2023-02-08,2023-12-22,Consumer,East,221.2,375,692,0.48,21.88,Dormant / Low Engagement
CUST-0282,14,12987.5,2076.5,29,0.0679,2023-03-08,2024-12-05,Small Business,North,927.68,26,664,0.67,15.99,High Value
CUST-0283,7,2212.0,-221.0,20,0.1071,2023-01-06,2024-12-30,Consumer,Central,316.0,1,725,0.29,-9.99,Regular
CUST-0284,7,4020.0,930.0,18,0.0857,2023-05-01,2024-12-15,Corporate,North,574.29,16,610,0.36,23.13,Regular
CUST-0285,4,2240.0,535.0,5,0.125,2023-03-03,2024-12-25,Consumer,West,560.0,6,669,0.18,23.88,Regular
CUST-0286,5,2865.75,591.75,11,0.04,2024-02-02,2024-12-03,Consumer,North,573.15,28,333,0.5,20.65,Regular
CUST-0287,5,1952.0,377.0,10,0.04,2023-02-28,2024-09-01,Corporate,North,390.4,121,672,0.28,19.31,Dormant / Low Engagement
CUST-0288,6,1664.25,424.25,11,0.0083,2023-01-07,2024-12-10,Consumer,East,277.38,21,724,0.26,25.49,Regular
CUST-0289,7,3625.5,870.5,13,0.0429,2023-03-02,2024-05-17,Consumer,East,517.93,228,670,0.48,24.01,At Risk
CUST-0290,2,1827.0,141.0,7,0.05,2023-05-13,2024-12-18,Consumer,West,913.5,13,598,0.1,7.72,Regular
CUST-0291,5,2157.0,299.0,11,0.1,2023-04-16,2024-12-01,Consumer,North,431.4,30,625,0.26,13.86,Regular
CUST-0292,12,2461.3,-168.7,26,0.1917,2023-01-04,2024-12-01,Consumer,North,205.11,30,727,0.52,-6.85,Regular
CUST-0293,18,9104.8,1583.8,40,0.0778,2023-01-15,2024-12-27,Corporate,East,505.82,4,716,0.77,17.4,High Value
CUST-0294,3,838.0,178.0,10,0.0333,2023-10-12,2024-01-20,Consumer,North,279.33,346,446,0.91,21.24,Dormant / Low Engagement
CUST-0295,6,2583.2,-268.8,15,0.1417,2023-01-15,2024-12-18,Consumer,North,430.53,13,716,0.26,-10.41,Regular
CUST-0296,6,2139.45,559.45,11,0.0417,2023-04-16,2024-11-16,Consumer,East,356.58,45,625,0.31,26.15,Regular
CUST-0297,1,807.5,207.5,1,0.05,2024-02-20,2024-02-20,Consumer,North,807.5,315,315,1.0,25.7,Dormant / Low Engagement
CUST-0298,8,790.2,259.2,14,0.0562,2023-01-21,2024-11-15,Small Business,West,98.78,46,710,0.37,32.8,Regular
CUST-0299,5,3266.0,827.0,17,0.1,2023-06-02,2024-07-07,Corporate,North,653.2,177,578,0.38,25.32,Dormant / Low Engagement
CUST-0300,25,10925.75,1315.75,61,0.098,2023-01-08,2024-12-08,Small Business,North,437.03,23,723,1.09,12.04,High Value
CUST-0301,5,835.5,80.5,6,0.17,2023-06-27,2024-06-29,Consumer,North,167.1,185,553,0.41,9.63,Dormant / Low Engagement
CUST-0302,5,2981.0,309.0,12,0.1,2023-01-04,2024-10-06,Corporate,South,596.2,86,727,0.24,10.37,Regular
CUST-0303,7,2166.05,115.05,12,0.1429,2023-05-17,2024-12-10,Corporate,South,309.44,21,594,0.37,5.31,Regular
CUST-0304,6,6076.0,1152.0,15,0.05,2023-06-18,2024-11-19,Consumer,East,1012.67,42,562,0.35,18.96,High Value
CUST-0305,1,12.0,7.0,1,0.0,2023-01-04,2023-01-04,Corporate,Central,12.0,727,727,1.0,58.33,Dormant / Low Engagement
CUST-0306,4,1579.2,386.2,7,0.0875,2023-04-14,2024-11-28,Consumer,South,394.8,33,627,0.2,24.46,Regular
CUST-0307,9,6739.8,634.8,27,0.1167,2023-05-29,2024-12-01,Corporate,North,748.87,30,582,0.5,9.42,High Value
CUST-0308,3,74.1,30.1,6,0.2,2023-04-24,2024-03-19,Consumer,East,24.7,287,617,0.28,40.62,Dormant / Low Engagement
CUST-0309,11,4464.5,307.5,34,0.1,2023-08-09,2024-12-12,Consumer,North,405.86,19,510,0.68,6.89,Regular
CUST-0310,4,5115.0,-409.0,11,0.1625,2023-01-12,2024-07-01,Corporate,Central,1278.75,183,719,0.23,-8.0,At Risk
CUST-0311,4,845.35,176.35,9,0.1,2023-12-31,2024-12-26,Consumer,West,211.34,5,366,0.34,20.86,Regular
CUST-0312,8,2493.75,459.75,11,0.1188,2023-01-25,2024-12-26,Corporate,North,311.72,5,706,0.35,18.44,Regular
CUST-0313,29,14863.55,2641.55,52,0.0966,2023-02-17,2024-11-29,Consumer,Central,512.54,32,683,1.35,17.77,High Value
CUST-0314,14,7871.0,136.0,28,0.1429,2023-02-13,2024-12-31,Corporate,North,562.21,0,687,0.62,1.73,High Value
CUST-0315,5,2456.0,332.0,11,0.14,2023-02-15,2024-11-22,Corporate,West,491.2,39,685,0.24,13.52,Regular
CUST-0316,4,4036.25,843.25,12,0.0125,2023-11-26,2024-12-01,Consumer,North,1009.06,30,401,0.33,20.89,Regular
CUST-0317,13,11309.4,654.4,29,0.1346,2023-04-19,2024-12-29,Small Business,East,869.95,2,622,0.64,5.79,High Value
CUST-0318,2,3850.0,1060.0,5,0.0,2023-12-07,2024-12-01,Corporate,East,1925.0,30,390,0.17,27.53,Regular
CUST-0319,7,4055.7,787.7,12,0.0571,2023-07-18,2024-12-04,Consumer,South,579.39,27,532,0.42,19.42,Regular
CUST-0320,4,235.8,21.8,5,0.125,2023-06-05,2024-12-20,Consumer,North,58.95,11,575,0.22,9.25,Regular
CUST-0321,3,1826.0,-90.0,11,0.1,2023-01-03,2024-06-12,Consumer,East,608.67,202,728,0.17,-4.93,Dormant / Low Engagement
CUST-0322,6,4745.5,805.5,15,0.1,2023-04-03,2024-08-17,Consumer,South,790.92,136,638,0.36,16.97,At Risk
CUST-0323,6,6238.35,1060.35,14,0.0917,2023-04-18,2024-09-20,Corporate,South,1039.73,102,623,0.35,17.0,High Value
CUST-0324,5,877.4,-7.6,5,0.16,2023-05-02,2024-06-26,Consumer,East,175.48,188,609,0.36,-0.87,Dormant / Low Engagement
CUST-0325,19,9973.55,1911.55,51,0.1158,2023-01-01,2024-12-20,Corporate,North,524.92,11,730,0.8,19.17,High Value
CUST-0326,19,8140.3,1495.3,42,0.0711,2023-02-25,2024-12-23,Consumer,East,428.44,8,675,0.87,18.37,High Value
CUST-0327,3,353.0,119.0,5,0.0,2023-06-21,2024-07-07,Consumer,East,117.67,177,559,0.24,33.71,Dormant / Low Engagement
CUST-0328,29,11357.6,-507.4,75,0.1672,2023-02-03,2024-12-11,Corporate,North,391.64,20,697,1.3,-4.47,High Value
CUST-0329,8,4980.1,105.1,23,0.1312,2023-01-09,2024-12-15,Corporate,East,622.51,16,722,0.34,2.11,Regular
CUST-0330,4,2497.0,257.0,10,0.15,2023-01-01,2024-12-29,Consumer,North,624.25,2,730,0.17,10.29,Regular
CUST-0331,4,1646.4,281.4,9,0.15,2023-04-22,2024-12-22,Corporate,East,411.6,9,619,0.2,17.09,Regular
CUST-0332,20,12707.25,1796.25,42,0.0975,2023-01-05,2024-12-10,Corporate,South,635.36,21,726,0.86,14.14,High Value
CUST-0333,3,1174.2,316.2,8,0.05,2023-04-01,2023-11-23,Small Business,North,391.4,404,640,0.39,26.93,Dormant / Low Engagement
CUST-0334,5,2858.5,384.5,8,0.12,2023-07-27,2024-11-20,Consumer,North,571.7,41,523,0.32,13.45,Regular
CUST-0336,4,375.5,132.5,8,0.125,2023-10-06,2024-11-23,Corporate,East,93.88,38,452,0.29,35.29,Regular
CUST-0337,8,3315.0,687.0,11,0.0375,2023-01-18,2024-11-21,Consumer,East,414.38,40,713,0.36,20.72,Regular
CUST-0338,26,17385.25,2633.25,71,0.1288,2023-01-08,2024-12-07,Small Business,Central,668.66,24,723,1.13,15.15,High Value
CUST-0339,4,3647.95,1105.95,10,0.0375,2023-10-06,2024-04-10,Corporate,Central,911.99,265,452,0.65,30.32,At Risk
CUST-0340,28,18212.2,2583.2,65,0.125,2023-02-06,2024-12-07,Corporate,Central,650.44,24,694,1.27,14.18,High Value
CUST-0341,6,3887.0,82.0,14,0.1583,2023-09-25,2024-08-27,Corporate,South,647.83,126,463,0.54,2.11,At Risk
CUST-0342,12,2958.8,288.8,26,0.1042,2023-02-08,2024-11-19,Small Business,Central,246.57,42,692,0.56,9.76,Regular
CUST-0343,9,4535.5,-72.5,18,0.1222,2023-05-07,2024-12-30,Small Business,West,503.94,1,604,0.45,-1.6,Regular
CUST-0344,7,3624.75,730.75,11,0.1214,2023-05-01,2024-12-24,Small Business,North,517.82,7,610,0.35,20.16,Regular
CUST-0345,33,24672.75,3837.75,83,0.0712,2023-01-06,2024-12-24,Consumer,North,747.66,7,725,1.4,15.55,High Value
CUST-0346,3,1114.75,254.75,8,0.05,2023-04-11,2024-02-15,Corporate,South,371.58,320,630,0.29,22.85,Dormant / Low Engagement
CUST-0347,6,902.1,66.1,19,0.125,2023-01-02,2024-11-12,Consumer,South,150.35,49,729,0.27,7.33,Regular
CUST-0348,4,2445.0,372.0,14,0.025,2023-01-29,2024-11-25,Corporate,West,611.25,36,702,0.18,15.21,Regular
CUST-0349,6,4391.3,807.3,12,0.1667,2023-07-12,2024-12-28,Small Business,East,731.88,3,538,0.34,18.38,Regular
CUST-0350,26,11814.45,1521.45,44,0.1135,2023-01-19,2024-12-14,Consumer,West,454.4,17,712,1.14,12.88,High Value
CUST-0351,5,5089.25,662.25,9,0.13,2023-07-09,2024-05-25,Small Business,East,1017.85,220,541,0.47,13.01,At Risk
CUST-0352,7,1019.0,220.0,11,0.0571,2023-04-27,2024-09-13,Corporate,Central,145.57,109,614,0.42,21.59,Regular
CUST-0353,7,4438.5,395.5,14,0.1286,2023-09-27,2024-12-17,Corporate,South,634.07,14,461,0.48,8.91,Regular
CUST-0354,1,19.2,9.2,2,0.2,2023-01-20,2023-01-20,Corporate,West,19.2,711,711,1.0,47.92,Dormant / Low Engagement
CUST-0355,8,8132.0,772.0,20,0.15,2023-06-17,2024-11-12,Corporate,South,1016.5,49,563,0.47,9.49,High Value
CUST-0356,19,9801.3,1791.3,49,0.0605,2023-06-16,2024-12-29,Corporate,North,515.86,2,564,1.03,18.28,High Value
CUST-0357,3,6374.0,1566.0,9,0.0333,2023-07-12,2024-11-08,Consumer,South,2124.67,53,538,0.19,24.57,High Value
CUST-0358,21,15979.55,3269.55,47,0.0952,2023-02-02,2024-12-25,Consumer,North,760.93,6,698,0.92,20.46,High Value
CUST-0359,9,3508.5,519.5,19,0.0778,2023-01-19,2024-05-27,Small Business,South,389.83,218,712,0.55,14.81,At Risk
CUST-0360,6,3651.25,231.25,8,0.1667,2023-04-29,2024-11-13,Corporate,North,608.54,48,612,0.32,6.33,Regular
CUST-0361,2,25.5,11.5,2,0.15,2023-01-18,2024-10-11,Corporate,North,12.75,81,713,0.1,45.1,Regular
CUST-0362,4,4745.55,1113.55,7,0.0375,2023-10-12,2024-05-08,Small Business,Central,1186.39,237,446,0.58,23.47,At Risk
CUST-0363,8,8323.8,885.8,19,0.0812,2023-02-09,2024-12-29,Corporate,North,1040.47,2,691,0.35,10.64,High Value
CUST-0364,8,5768.5,1016.5,17,0.1438,2023-01-27,2024-12-04,Consumer,Central,721.06,27,704,0.36,17.62,Regular
CUST-0365,9,3216.95,685.95,17,0.0944,2023-05-15,2024-11-20,Corporate,East,357.44,41,596,0.49,21.32,Regular
CUST-0366,2,1089.0,-221.0,4,0.25,2023-09-24,2024-10-23,Consumer,North,544.5,69,464,0.15,-20.29,Regular
CUST-0367,17,18887.25,3589.25,35,0.1029,2023-02-02,2024-12-25,Corporate,South,1111.01,6,698,0.75,19.0,High Value
CUST-0368,6,4215.4,355.4,11,0.0917,2023-04-30,2024-03-17,Small Business,West,702.57,289,611,0.57,8.43,At Risk
CUST-0369,8,3668.5,308.5,13,0.1375,2023-01-25,2024-11-21,Small Business,North,458.56,40,706,0.37,8.41,Regular
CUST-0370,8,2791.15,-377.85,15,0.1562,2023-04-21,2024-12-08,Corporate,East,348.89,23,620,0.41,-13.54,Regular
CUST-0371,3,1247.2,-85.8,4,0.1667,2023-08-07,2024-11-26,Corporate,North,415.73,35,512,0.19,-6.88,Regular
CUST-0372,8,3359.1,63.1,18,0.125,2023-06-09,2024-11-05,Corporate,East,419.89,56,571,0.47,1.88,Regular
CUST-0373,10,9073.0,2043.0,24,0.08,2023-02-02,2024-12-14,Consumer,West,907.3,17,698,0.45,22.52,High Value
CUST-0374,5,1287.0,379.0,13,0.02,2023-03-18,2024-07-20,Consumer,West,257.4,164,654,0.31,29.45,Dormant / Low Engagement
CUST-0375,10,3466.25,761.25,35,0.065,2023-02-17,2024-12-26,Small Business,West,346.62,5,683,0.45,21.96,Regular
CUST-0376,9,9179.3,1097.3,25,0.1611,2023-07-10,2024-12-05,Corporate,North,1019.92,26,540,0.53,11.95,High Value
CUST-0377,3,552.25,-13.75,3,0.0833,2023-11-28,2024-12-16,Consumer,North,184.08,15,399,0.24,-2.49,Regular
CUST-0378,2,342.0,37.0,7,0.15,2023-02-07,2023-04-02,Consumer,East,171.0,639,693,1.13,10.82,Dormant / Low Engagement
CUST-0379,6,3259.5,766.5,19,0.2083,2023-01-19,2024-09-28,Corporate,North,543.25,94,712,0.3,23.52,Regular
CUST-0380,5,3101.25,637.25,13,0.04,2023-04-08,2024-11-07,Consumer,East,620.25,54,633,0.26,20.55,Regular
CUST-0381,8,4213.7,951.7,14,0.0875,2023-05-24,2024-12-14,Small Business,South,526.71,17,587,0.43,22.59,Regular
CUST-0382,4,456.6,39.6,6,0.1,2023-08-01,2024-09-18,Corporate,North,114.15,104,518,0.29,8.67,Regular
CUST-0383,4,1742.0,262.0,7,0.05,2023-07-10,2024-01-05,Corporate,East,435.5,361,540,0.68,15.04,Dormant / Low Engagement
CUST-0384,2,5400.0,1380.0,6,0.0,2023-07-20,2024-08-19,Small Business,West,2700.0,134,530,0.15,25.56,At Risk
CUST-0385,9,6908.5,1130.5,21,0.0611,2023-01-02,2024-12-29,Corporate,East,767.61,2,729,0.38,16.36,High Value
CUST-0386,7,2114.0,350.0,18,0.1,2023-11-09,2024-12-23,Corporate,North,302.0,8,418,0.52,16.56,Regular
CUST-0387,4,2191.6,295.6,7,0.1,2023-03-24,2024-06-17,Small Business,North,547.9,197,648,0.27,13.49,Dormant / Low Engagement
CUST-0388,5,2773.2,753.2,11,0.12,2023-11-13,2024-11-13,Consumer,South,554.64,48,414,0.42,27.16,Regular
CUST-0389,6,2699.5,-115.5,13,0.1833,2023-01-04,2024-12-16,Consumer,West,449.92,15,727,0.26,-4.28,Regular
CUST-0390,5,3220.0,-416.0,14,0.18,2023-03-17,2024-10-24,Corporate,North,644.0,68,655,0.26,-12.92,Regular
CUST-0391,6,1403.0,181.0,8,0.1167,2023-09-25,2024-10-16,Corporate,Central,233.83,76,463,0.47,12.9,Regular
CUST-0392,9,6748.75,1476.75,19,0.0389,2023-05-09,2024-12-25,Consumer,East,749.86,6,602,0.46,21.88,High Value
CUST-0393,2,218.25,56.25,2,0.075,2023-10-01,2024-06-15,Corporate,North,109.12,199,457,0.24,25.77,Dormant / Low Engagement
CUST-0394,6,5584.05,541.05,21,0.0333,2023-04-01,2024-12-10,Corporate,Central,930.68,21,640,0.29,9.69,Regular
CUST-0395,28,13147.35,1834.35,74,0.0893,2023-02-14,2024-12-22,Corporate,Central,469.55,9,686,1.26,13.95,High Value
CUST-0396,14,6082.3,1115.3,33,0.0893,2023-04-21,2024-12-25,Small Business,East,434.45,6,620,0.69,18.34,High Value
CUST-0397,16,15329.6,2679.6,41,0.0812,2023-01-31,2024-12-22,Consumer,West,958.1,9,700,0.7,17.48,High Value
CUST-0398,8,4235.8,1160.8,29,0.0562,2023-02-20,2024-08-08,Corporate,South,529.48,145,680,0.45,27.4,At Risk
CUST-0399,5,2788.75,-349.25,11,0.19,2024-04-10,2024-12-30,Consumer,West,557.75,1,265,0.58,-12.52,Regular
CUST-0400,25,8582.45,1450.45,55,0.082,2023-01-01,2024-12-29,Small Business,West,343.3,2,730,1.04,16.9,High Value
CUST-0401,26,15295.95,2814.95,46,0.0538,2023-01-16,2024-12-23,Corporate,North,588.31,8,715,1.12,18.4,High Value
CUST-0402,5,1893.35,-113.65,13,0.16,2023-01-07,2024-08-09,Consumer,East,378.67,144,724,0.26,-6.0,Dormant / Low Engagement
CUST-0403,3,338.0,20.0,4,0.1667,2023-02-04,2024-11-07,Corporate,South,112.67,54,696,0.14,5.92,Regular
CUST-0404,6,3263.9,664.9,10,0.0833,2023-11-11,2024-12-04,Small Business,South,543.98,27,416,0.47,20.37,Regular
CUST-0405,6,2694.6,467.6,18,0.0583,2023-06-06,2024-12-06,Consumer,West,449.1,25,574,0.33,17.35,Regular
CUST-0406,6,2884.0,533.0,10,0.0833,2023-03-26,2024-03-24,Consumer,North,480.67,282,646,0.5,18.48,At Risk
CUST-0407,4,4174.25,605.25,14,0.0625,2023-11-10,2024-12-02,Corporate,North,1043.56,29,417,0.31,14.5,Regular
CUST-0408,4,4162.0,152.0,9,0.1875,2023-02-21,2024-12-22,Consumer,South,1040.5,9,679,0.18,3.65,Regular
CUST-0409,5,1684.9,493.9,12,0.03,2023-03-03,2024-11-18,Consumer,East,336.98,43,669,0.24,29.31,Regular
CUST-0410,10,2415.25,467.25,14,0.13,2023-07-30,2024-12-31,Consumer,Central,241.52,0,520,0.58,19.35,Regular
CUST-0411,6,425.05,105.05,12,0.0917,2023-03-15,2024-10-31,Small Business,North,70.84,61,657,0.31,24.71,Regular
CUST-0412,6,300.0,88.0,10,0.0667,2023-01-22,2024-11-05,Consumer,East,50.0,56,709,0.28,29.33,Regular
CUST-0413,4,2128.4,49.4,7,0.3,2023-09-07,2024-09-23,Small Business,South,532.1,99,481,0.32,2.32,Regular
CUST-0414,2,2351.25,516.25,7,0.05,2023-12-21,2024-12-30,Consumer,North,1175.62,1,376,0.16,21.96,Regular
CUST-0415,2,669.5,154.5,5,0.05,2023-03-08,2023-10-17,Corporate,Central,334.75,441,664,0.27,23.08,Dormant / Low Engagement
CUST-0416,25,18182.2,2099.2,56,0.09,2023-02-08,2024-12-29,Corporate,North,727.29,2,692,1.1,11.55,High Value
CUST-0417,3,2324.6,-446.4,12,0.1667,2023-12-14,2024-12-07,Small Business,East,774.87,24,383,0.25,-19.2,Regular
CUST-0418,21,7709.1,562.1,40,0.1405,2023-01-15,2024-12-23,Consumer,North,367.1,8,716,0.9,7.29,High Value
CUST-0419,3,602.8,-358.2,6,0.4,2023-09-28,2024-07-23,Corporate,South,200.93,161,460,0.31,-59.42,Dormant / Low Engagement
CUST-0420,9,1416.45,410.45,21,0.0556,2023-02-05,2024-12-03,Consumer,North,157.38,28,695,0.41,28.98,Regular
CUST-0421,11,5055.3,82.3,29,0.1045,2023-02-16,2024-12-21,Consumer,West,459.57,10,684,0.5,1.63,Regular
CUST-0422,26,21523.3,3579.3,51,0.0769,2023-01-02,2024-12-29,Consumer,North,827.82,2,729,1.09,16.63,High Value
CUST-0423,2,117.0,53.0,6,0.05,2023-03-30,2024-01-04,Consumer,North,58.5,362,642,0.22,45.3,Dormant / Low Engagement
CUST-0424,3,6008.0,1263.0,7,0.05,2023-01-27,2024-11-10,Consumer,East,2002.67,51,704,0.14,21.02,High Value
CUST-0425,7,3715.15,820.15,12,0.1143,2023-01-16,2024-12-09,Corporate,North,530.74,22,715,0.31,22.08,Regular
CUST-0426,6,2523.7,-74.3,13,0.1833,2023-04-30,2024-10-30,Consumer,North,420.62,62,611,0.33,-2.94,Regular
CUST-0427,8,9208.5,-777.5,27,0.2062,2023-05-04,2024-08-20,Consumer,East,1151.06,133,607,0.51,-8.44,At Risk
CUST-0428,27,10841.25,1484.25,67,0.0778,2023-06-01,2024-12-30,Corporate,East,401.53,1,579,1.42,13.69,High Value
CUST-0429,18,7754.05,1407.05,35,0.0667,2023-02-19,2024-12-26,Consumer,East,430.78,5,681,0.81,18.15,High Value
CUST-0430,23,6951.3,1299.3,59,0.063,2023-01-01,2024-12-24,Consumer,North,302.23,7,730,0.97,18.69,High Value
CUST-0431,5,2251.05,564.05,5,0.07,2023-05-02,2024-06-25,Consumer,North,450.21,189,609,0.36,25.06,Dormant / Low Engagement
CUST-0432,2,739.2,-50.8,4,0.2,2023-10-23,2024-07-26,Consumer,West,369.6,158,435,0.22,-6.87,Dormant / Low Engagement
CUST-0433,2,2436.0,621.0,5,0.0,2024-02-28,2024-06-04,Consumer,East,1218.0,210,307,0.63,25.49,Dormant / Low Engagement
CUST-0434,1,42.75,20.75,1,0.05,2024-08-11,2024-08-11,Corporate,Central,42.75,142,142,1.0,48.54,Dormant / Low Engagement
CUST-0435,8,4061.7,1044.7,13,0.05,2023-03-16,2024-04-10,Consumer,East,507.71,265,656,0.62,25.72,At Risk
CUST-0436,2,1980.4,318.4,7,0.025,2023-06-08,2023-11-30,Small Business,Central,990.2,397,572,0.35,16.08,Dormant / Low Engagement
CUST-0437,12,7755.0,1875.0,36,0.0792,2023-03-26,2024-12-21,Consumer,West,646.25,10,646,0.57,24.18,High Value
CUST-0438,5,1293.4,304.4,8,0.1,2023-04-12,2024-12-15,Small Business,East,258.68,16,629,0.25,23.53,Regular
CUST-0439,9,4634.0,1000.0,27,0.0833,2023-01-26,2024-11-09,Consumer,East,514.89,52,705,0.42,21.58,Regular
CUST-0440,25,6888.9,822.9,48,0.078,2023-02-03,2024-12-15,Corporate,North,275.56,16,697,1.12,11.95,High Value
CUST-0441,5,2110.65,525.65,10,0.08,2023-09-17,2024-12-05,Consumer,North,422.13,26,471,0.34,24.9,Regular
CUST-0442,4,1126.85,249.85,4,0.0625,2023-04-20,2024-04-21,Consumer,Central,281.71,254,621,0.33,22.17,Dormant / Low Engagement
CUST-0443,4,609.75,-11.25,7,0.15,2023-04-11,2024-11-06,Consumer,West,152.44,55,630,0.21,-1.85,Regular
CUST-0444,4,732.6,-280.4,4,0.2375,2023-05-04,2024-11-07,Consumer,East,183.15,54,607,0.22,-38.27,Regular
CUST-0445,6,5107.5,1249.5,15,0.0333,2023-07-19,2024-12-07,Consumer,Central,851.25,24,531,0.36,24.46,Regular
CUST-0446,8,1115.7,382.7,14,0.0375,2023-04-21,2024-06-02,Corporate,North,139.46,212,620,0.6,34.3,At Risk
CUST-0447,4,1403.0,84.0,8,0.0625,2023-05-28,2024-11-01,Consumer,North,350.75,60,583,0.23,5.99,Regular
CUST-0448,3,1130.0,-44.0,5,0.1167,2023-05-11,2024-12-18,Consumer,West,376.67,13,600,0.16,-3.89,Regular
CUST-0449,6,5670.5,1290.5,15,0.075,2023-01-19,2024-12-14,Corporate,South,945.08,17,712,0.26,22.76,Regular
CUST-0450,19,9208.0,1821.0,48,0.0816,2023-06-07,2024-12-20,Consumer,Central,484.63,11,573,1.03,19.78,High Value
CUST-0451,10,5404.3,364.3,19,0.145,2023-01-03,2024-11-06,Small Business,East,540.43,55,728,0.45,6.74,Regular
CUST-0452,3,1371.0,86.0,8,0.1167,2023-12-27,2024-10-09,Corporate,East,457.0,83,370,0.32,6.27,Regular
CUST-0453,5,1929.0,75.0,12,0.21,2023-08-07,2024-09-12,Small Business,South,385.8,110,512,0.38,3.89,Regular
CUST-0454,3,2067.5,407.5,5,0.05,2023-07-03,2024-10-24,Corporate,Central,689.17,68,547,0.19,19.71,Regular
CUST-0455,2,457.5,92.5,2,0.025,2024-05-12,2024-08-16,Corporate,East,228.75,137,233,0.63,20.22,Dormant / Low Engagement
CUST-0456,3,80.2,33.2,5,0.1,2023-03-19,2024-04-20,Consumer,West,26.73,255,653,0.23,41.4,Dormant / Low Engagement
CUST-0457,4,2131.75,134.75,8,0.15,2023-03-24,2024-10-01,Consumer,North,532.94,91,648,0.22,6.32,Regular
CUST-0458,8,2857.05,570.05,22,0.1125,2023-05-04,2024-11-22,Consumer,West,357.13,39,607,0.43,19.95,Regular
CUST-0459,6,4324.75,1198.75,18,0.0417,2023-07-16,2024-08-15,Consumer,West,720.79,138,534,0.46,27.72,At Risk
CUST-0460,10,1954.6,226.6,17,0.14,2023-03-25,2024-10-23,Corporate,South,195.46,69,647,0.53,11.59,Regular
CUST-0461,1,440.0,90.0,2,0.0,2023-01-03,2023-01-03,Consumer,South,440.0,728,728,1.0,20.45,Dormant / Low Engagement
CUST-0462,6,4927.1,802.1,13,0.0583,2023-09-03,2024-11-30,Consumer,East,821.18,31,485,0.4,16.28,Regular
CUST-0464,24,18852.0,2144.0,53,0.15,2023-01-07,2024-12-18,Consumer,North,785.5,13,724,1.03,11.37,High Value
CUST-0465,5,1809.4,555.4,11,0.05,2023-08-16,2024-12-11,Consumer,East,361.88,20,503,0.31,30.7,Regular
CUST-0466,2,1270.0,180.0,2,0.075,2024-03-22,2024-06-23,Small Business,South,635.0,191,284,0.65,14.17,Dormant / Low Engagement
CUST-0467,6,3742.25,826.25,15,0.0333,2023-10-19,2024-11-04,Corporate,West,623.71,57,439,0.48,22.08,Regular
CUST-0468,1,1530.0,330.0,2,0.1,2024-02-27,2024-02-27,Consumer,North,1530.0,308,308,1.0,21.57,Dormant / Low Engagement
CUST-0469,5,1168.4,93.4,9,0.17,2023-05-26,2024-12-20,Corporate,South,233.68,11,585,0.26,7.99,Regular
CUST-0470,5,1619.2,168.2,10,0.07,2023-01-13,2023-11-14,Corporate,East,323.84,413,718,0.5,10.39,Dormant / Low Engagement
CUST-0471,9,5166.9,680.9,21,0.1278,2023-08-12,2024-12-13,Consumer,North,574.1,18,507,0.56,13.18,Regular
CUST-0472,5,863.3,173.3,11,0.05,2023-05-11,2024-12-25,Consumer,East,172.66,6,600,0.26,20.07,Regular
CUST-0473,12,4053.75,171.75,32,0.1333,2023-05-02,2024-12-12,Consumer,North,337.81,19,609,0.62,4.24,Regular
CUST-0474,5,2145.0,230.0,11,0.05,2023-11-30,2024-11-22,Small Business,South,429.0,39,397,0.42,10.72,Regular
CUST-0475,4,1251.5,-86.5,6,0.1125,2023-12-24,2024-07-11,Consumer,North,312.88,173,373,0.61,-6.91,Dormant / Low Engagement
CUST-0476,5,588.8,-94.2,6,0.22,2023-02-01,2023-12-09,Small Business,North,117.76,388,699,0.49,-16.0,Dormant / Low Engagement
CUST-0477,3,1207.95,330.95,8,0.1333,2023-12-16,2024-04-17,Corporate,West,402.65,258,381,0.74,27.4,Dormant / Low Engagement
CUST-0478,6,1098.0,279.0,9,0.0417,2023-04-16,2024-11-03,Corporate,East,183.0,58,625,0.32,25.41,Regular
CUST-0479,4,1281.6,328.6,9,0.15,2023-04-28,2024-09-17,Consumer,North,320.4,105,613,0.24,25.64,Regular
CUST-0480,4,2775.1,472.1,9,0.0875,2023-03-06,2024-11-06,Corporate,North,693.78,55,666,0.2,17.01,Regular
CUST-0481,1,100.0,44.0,4,0.0,2024-03-25,2024-03-25,Small Business,North,100.0,281,281,1.0,44.0,Dormant / Low Engagement
CUST-0482,9,5298.2,-1033.8,25,0.1167,2023-02-11,2024-12-04,Consumer,West,588.69,27,689,0.41,-19.51,Regular
CUST-0483,5,1384.2,103.2,15,0.15,2023-02-11,2024-12-15,Corporate,West,276.84,16,689,0.23,7.46,Regular
CUST-0484,4,3374.0,552.0,9,0.0,2023-04-09,2024-12-24,Corporate,East,843.5,7,632,0.19,16.36,Regular
CUST-0485,21,13546.75,1765.75,54,0.0857,2023-01-01,2024-12-14,Small Business,East,645.08,17,730,0.9,13.03,High Value
CUST-0486,11,3622.2,554.2,20,0.0864,2023-01-05,2024-11-26,Small Business,East,329.29,35,726,0.48,15.3,Regular
CUST-0487,7,3939.0,619.0,17,0.05,2023-02-20,2024-08-11,Consumer,East,562.71,142,680,0.4,15.71,At Risk
CUST-0488,14,2272.2,293.2,23,0.15,2023-01-16,2024-09-12,Corporate,North,162.3,110,715,0.7,12.9,Regular
CUST-0489,6,1822.95,578.95,15,0.025,2023-09-04,2024-12-03,Small Business,North,303.82,28,484,0.4,31.76,Regular
CUST-0490,4,4138.5,878.5,8,0.0875,2023-01-22,2024-11-12,Consumer,West,1034.62,49,709,0.18,21.23,Regular
CUST-0491,6,3432.3,833.3,14,0.05,2023-01-14,2024-12-14,Corporate,West,572.05,17,717,0.26,24.28,Regular
CUST-0492,2,1122.0,202.0,4,0.05,2023-11-19,2024-03-21,Consumer,South,561.0,285,408,0.49,18.0,Dormant / Low Engagement
CUST-0493,9,3532.1,223.1,17,0.1556,2023-01-06,2024-11-21,Corporate,West,392.46,40,725,0.4,6.32,Regular
CUST-0494,25,18261.95,2289.95,65,0.106,2023-03-31,2024-12-28,Consumer,West,730.48,3,641,1.19,12.54,High Value
CUST-0495,6,2784.0,-434.0,9,0.1833,2023-01-31,2024-12-14,Corporate,North,464.0,17,700,0.27,-15.59,Regular
CUST-0496,7,3592.05,684.05,17,0.0714,2023-07-11,2024-11-04,Consumer,South,513.15,57,539,0.44,19.04,Regular
CUST-0497,10,2743.35,12.35,26,0.145,2023-07-01,2024-12-14,Consumer,South,274.33,17,549,0.57,0.45,Regular
CUST-0498,28,9678.75,129.75,64,0.1321,2023-01-06,2024-12-22,Consumer,North,345.67,9,725,1.19,1.34,High Value
CUST-0499,8,4189.2,525.2,16,0.1188,2023-01-01,2024-08-12,Corporate,East,523.65,141,730,0.41,12.54,At Risk
CUST-0500,5,2193.0,359.0,13,0.07,2023-04-17,2024-11-01,Consumer,South,438.6,60,624,0.27,16.37,Regular
CUST-0501,24,11073.5,1665.5,72,0.1062,2023-01-06,2024-12-15,Corporate,South,461.4,16,725,1.03,15.04,High Value
CUST-0502,7,4779.0,209.0,21,0.1,2023-05-04,2024-12-30,Consumer,South,682.71,1,607,0.35,4.37,Regular
CUST-0503,6,786.7,292.7,14,0.05,2023-05-11,2024-12-16,Corporate,East,131.12,15,600,0.31,37.21,Regular
CUST-0504,6,3739.0,535.0,14,0.15,2023-05-01,2024-11-17,Corporate,West,623.17,44,610,0.32,14.31,Regular
CUST-0505,9,1920.7,386.7,20,0.1,2023-05-13,2024-11-26,Small Business,North,213.41,35,598,0.49,20.13,Regular
CUST-0506,4,373.95,124.95,5,0.1125,2023-11-19,2024-11-13,Consumer,East,93.49,48,408,0.34,33.41,Regular
CUST-0507,30,13753.0,2291.0,68,0.0767,2023-01-01,2024-12-30,Consumer,Central,458.43,1,730,1.25,16.66,High Value
CUST-0508,19,4233.7,711.7,31,0.0737,2023-01-04,2024-12-25,Small Business,South,222.83,6,727,0.8,16.81,Regular
CUST-0509,8,8866.5,1574.5,15,0.0562,2023-05-21,2023-12-31,Consumer,North,1108.31,366,590,1.09,17.76,At Risk
CUST-0510,8,2117.2,493.2,18,0.0312,2023-05-20,2024-12-01,Consumer,West,264.65,30,591,0.43,23.29,Regular
CUST-0511,1,720.0,20.0,5,0.2,2023-11-24,2023-11-24,Consumer,East,720.0,403,403,1.0,2.78,Dormant / Low Engagement
CUST-0512,23,10692.0,1037.0,55,0.1065,2023-01-21,2024-11-28,Consumer,South,464.87,33,710,1.03,9.7,High Value
CUST-0513,9,3653.15,593.15,18,0.0611,2023-01-27,2024-10-19,Consumer,East,405.91,73,704,0.43,16.24,Regular
CUST-0514,28,19490.55,4188.55,62,0.0768,2023-02-15,2024-12-19,Corporate,West,696.09,12,685,1.26,21.49,High Value
CUST-0515,4,1630.8,210.8,5,0.125,2023-05-23,2024-11-10,Corporate,North,407.7,51,588,0.23,12.93,Regular
CUST-0516,5,2459.0,139.0,10,0.13,2023-09-15,2024-11-23,Consumer,West,491.8,38,473,0.35,5.65,Regular
CUST-0517,4,3196.25,494.25,9,0.0375,2023-03-08,2024-12-10,Consumer,East,799.06,21,664,0.19,15.46,Regular
CUST-0518,2,1425.0,415.0,6,0.0,2023-06-04,2024-11-06,Corporate,West,712.5,55,576,0.12,29.12,Regular
CUST-0519,6,4803.0,804.0,21,0.05,2023-07-11,2024-12-06,Consumer,North,800.5,25,539,0.35,16.74,Regular
CUST-0521,2,900.0,234.0,4,0.05,2023-07-06,2024-09-07,Consumer,North,450.0,115,544,0.14,26.0,Regular
CUST-0522,10,2325.55,447.55,15,0.105,2023-04-09,2024-12-04,Consumer,West,232.56,27,632,0.5,19.24,Regular
CUST-0523,7,7781.5,1277.5,17,0.0643,2023-04-06,2024-11-14,Corporate,North,1111.64,47,635,0.36,16.42,High Value
CUST-0524,2,1280.75,325.75,2,0.025,2023-12-04,2024-12-18,Consumer,East,640.38,13,393,0.16,25.43,Regular
CUST-0525,6,2539.6,116.6,12,0.0833,2023-11-29,2024-12-30,Corporate,West,423.27,1,398,0.46,4.59,Regular
CUST-0526,7,3115.25,-733.75,17,0.2071,2023-03-09,2024-11-22,Consumer,North,445.04,39,663,0.34,-23.55,Regular
CUST-0527,7,2900.5,576.5,20,0.0929,2023-03-09,2024-09-22,Corporate,East,414.36,100,663,0.38,19.88,Regular
CUST-0528,7,4378.3,934.3,13,0.0786,2023-04-15,2024-12-09,Consumer,East,625.47,22,626,0.35,21.34,Regular
CUST-0529,1,76.5,21.5,1,0.1,2024-12-04,2024-12-04,Small Business,North,76.5,27,27,1.0,28.1,New
CUST-0530,7,3364.2,-34.8,13,0.1429,2023-07-16,2024-12-03,Consumer,South,480.6,28,534,0.42,-1.03,Regular
CUST-0531,25,9958.55,891.55,68,0.138,2023-01-14,2024-12-07,Corporate,Central,398.34,24,717,1.1,8.95,High Value
CUST-0532,5,4289.45,782.45,10,0.08,2023-01-01,2024-11-04,Consumer,West,857.89,57,730,0.23,18.24,Regular
CUST-0533,23,6487.75,434.75,51,0.1043,2023-01-23,2024-11-10,Consumer,North,282.08,51,708,1.06,6.7,High Value
CUST-0534,6,3220.5,110.5,20,0.125,2023-11-17,2024-12-12,Small Business,North,536.75,19,410,0.47,3.43,Regular
CUST-0535,23,14336.1,1047.1,62,0.1087,2023-02-04,2024-12-28,Consumer,South,623.31,3,696,1.01,7.3,High Value
CUST-0536,5,2991.3,589.3,12,0.06,2023-02-08,2024-04-20,Corporate,North,598.26,255,692,0.35,19.7,Dormant / Low Engagement
CUST-0537,4,2180.4,555.4,7,0.15,2023-06-19,2024-11-28,Consumer,East,545.1,33,561,0.23,25.47,Regular
CUST-0538,10,3284.25,574.25,19,0.085,2023-01-18,2024-11-15,Corporate,East,328.42,46,713,0.46,17.48,Regular
CUST-0539,5,2555.0,342.0,10,0.02,2023-02-13,2024-12-14,Consumer,East,511.0,17,687,0.23,13.39,Regular
CUST-0540,5,2342.1,23.1,12,0.15,2023-11-27,2024-12-09,Corporate,East,468.42,22,400,0.4,0.99,Regular
CUST-0541,9,4336.8,801.8,23,0.0556,2023-02-24,2024-12-11,Consumer,North,481.87,20,676,0.42,18.49,Regular
CUST-0542,9,2194.8,120.8,24,0.1278,2023-02-04,2024-12-12,Small Business,North,243.87,19,696,0.4,5.5,Regular
CUST-0543,15,9531.55,1590.55,39,0.0933,2023-01-04,2024-12-10,Consumer,East,635.44,21,727,0.65,16.69,High Value
CUST-0544,6,5136.0,1113.0,15,0.05,2023-06-24,2023-12-21,Consumer,West,856.0,376,556,1.01,21.67,At Risk
CUST-0545,5,1506.5,363.5,8,0.04,2023-02-06,2024-12-31,Corporate,West,301.3,0,694,0.22,24.13,Regular
CUST-0546,5,4222.5,-751.5,16,0.26,2023-03-20,2024-11-01,Consumer,South,844.5,60,652,0.26,-17.8,Regular
CUST-0547,4,2884.5,550.5,7,0.1875,2023-05-19,2024-10-21,Small Business,Central,721.12,71,592,0.23,19.08,Regular
CUST-0548,7,6365.8,815.8,22,0.1357,2023-01-23,2024-11-24,Small Business,East,909.4,37,708,0.32,12.82,High Value
CUST-0549,27,12881.15,1718.15,62,0.0981,2023-02-27,2024-12-18,Consumer,West,477.08,13,673,1.24,13.34,High Value
CUST-0550,2,66.0,32.0,4,0.0,2024-01-02,2024-07-03,Small Business,South,33.0,181,364,0.33,48.48,Dormant / Low Engagement
CUST-0551,8,1935.9,145.9,14,0.0688,2023-09-05,2024-12-29,Consumer,South,241.99,2,483,0.51,7.54,Regular
CUST-0552,6,11479.0,2939.0,25,0.0667,2023-03-29,2024-11-02,Consumer,North,1913.17,59,643,0.31,25.6,High Value
CUST-0553,6,2488.5,464.5,21,0.0667,2023-05-07,2024-10-31,Corporate,South,414.75,61,604,0.34,18.67,Regular
CUST-0554,8,7122.0,652.0,19,0.1312,2023-01-13,2024-09-10,Consumer,East,890.25,112,718,0.4,9.15,High Value
CUST-0555,6,2201.3,503.3,14,0.05,2023-01-22,2024-12-03,Small Business,East,366.88,28,709,0.27,22.86,Regular
CUST-0556,2,1187.5,47.5,6,0.125,2023-09-25,2023-11-12,Small Business,North,593.75,415,463,1.27,4.0,Dormant / Low Engagement
CUST-0557,6,3262.5,774.5,11,0.0917,2023-02-01,2024-12-22,Consumer,West,543.75,9,699,0.26,23.74,Regular
CUST-0558,5,2098.75,-510.25,11,0.15,2023-08-18,2024-07-27,Small Business,West,419.75,157,501,0.44,-24.31,Dormant / Low Engagement
CUST-0559,17,11604.75,2584.75,39,0.0441,2023-01-01,2024-12-30,Corporate,South,682.63,1,730,0.71,22.27,High Value
CUST-0560,7,3232.5,188.5,14,0.1071,2023-07-26,2024-09-06,Consumer,North,461.79,116,524,0.52,5.83,Regular
CUST-0561,9,1548.0,429.0,18,0.0333,2023-01-11,2024-10-03,Consumer,Central,172.0,89,720,0.43,27.71,Regular
CUST-0562,7,1308.6,309.6,16,0.0786,2023-07-28,2024-11-07,Small Business,North,186.94,54,522,0.45,23.66,Regular
CUST-0563,7,2040.8,188.8,20,0.1786,2023-03-03,2024-11-20,Small Business,East,291.54,41,669,0.34,9.25,Regular
CUST-0564,5,1791.75,403.75,13,0.13,2023-09-05,2024-11-13,Corporate,North,358.35,48,483,0.35,22.53,Regular
CUST-0565,11,5257.7,-365.3,25,0.1318,2023-01-24,2024-11-16,Consumer,North,477.97,45,707,0.51,-6.95,Regular
CUST-0566,26,21736.8,4978.8,70,0.1077,2023-01-02,2024-12-24,Consumer,North,836.03,7,729,1.09,22.9,High Value
CUST-0567,2,32.0,13.0,2,0.1,2023-02-23,2024-09-02,Small Business,East,16.0,120,677,0.11,40.62,Regular
CUST-0568,9,3514.5,-163.5,21,0.1444,2023-02-07,2024-12-24,Consumer,South,390.5,7,693,0.4,-4.65,Regular
CUST-0569,8,2052.1,-59.9,17,0.1312,2023-04-20,2024-12-29,Consumer,North,256.51,2,621,0.39,-2.92,Regular
CUST-0570,1,2400.0,600.0,2,0.0,2023-11-14,2023-11-14,Consumer,East,2400.0,413,413,1.0,25.0,Dormant / Low Engagement
CUST-0571,6,6185.5,1203.5,8,0.0833,2023-07-20,2024-11-29,Consumer,North,1030.92,32,530,0.37,19.46,High Value
CUST-0572,3,1145.5,185.5,6,0.0667,2023-09-21,2024-09-26,Consumer,North,381.83,96,467,0.25,16.19,Regular
CUST-0573,4,3831.75,-7.25,15,0.1375,2023-12-22,2024-12-23,Consumer,East,957.94,8,375,0.33,-0.19,Regular
CUST-0574,33,21968.55,1937.55,78,0.1288,2023-01-02,2024-12-26,Consumer,North,665.71,5,729,1.39,8.82,High Value
CUST-0575,7,3408.5,804.5,14,0.0714,2023-01-10,2024-12-02,Consumer,North,486.93,29,721,0.31,23.6,Regular
CUST-0576,4,1563.3,357.3,12,0.0875,2023-09-18,2024-12-25,Consumer,East,390.82,6,470,0.26,22.86,Regular
CUST-0577,11,5865.75,594.75,23,0.1273,2023-08-13,2024-12-18,Corporate,East,533.25,13,506,0.68,10.14,Regular
CUST-0578,6,9066.0,1316.0,19,0.0833,2023-04-04,2024-12-08,Corporate,East,1511.0,23,637,0.3,14.52,High Value
CUST-0579,3,933.6,139.6,6,0.05,2023-05-21,2024-03-05,Consumer,West,311.2,301,590,0.32,14.95,Dormant / Low Engagement
CUST-0580,4,682.5,241.5,9,0.0625,2023-11-03,2024-11-03,Consumer,South,170.62,58,424,0.33,35.38,Regular
CUST-0581,4,988.2,292.2,11,0.0375,2023-08-11,2024-12-15,Small Business,West,247.05,16,508,0.25,29.57,Regular
CUST-0582,3,1167.1,12.1,3,0.2167,2023-01-15,2024-07-28,Consumer,South,389.03,156,716,0.16,1.04,Dormant / Low Engagement
CUST-0583,9,6821.0,1857.0,23,0.0167,2023-07-04,2024-12-27,Consumer,North,757.89,4,546,0.5,27.22,High Value
CUST-0584,7,1119.6,205.6,15,0.0857,2023-04-27,2024-12-30,Consumer,East,159.94,1,614,0.35,18.36,Regular
CUST-0585,4,735.2,79.2,5,0.0625,2023-02-09,2024-12-24,Consumer,North,183.8,7,691,0.18,10.77,Regular
CUST-0586,6,13972.0,1807.0,21,0.1083,2023-01-08,2024-12-08,Corporate,Central,2328.67,23,723,0.26,12.93,High Value
CUST-0587,9,4974.5,838.5,15,0.1056,2023-03-14,2024-11-28,Consumer,East,552.72,33,658,0.44,16.86,Regular
CUST-0588,6,2060.25,369.25,7,0.0917,2023-03-25,2024-12-05,Small Business,North,343.38,26,647,0.29,17.92,Regular
CUST-0589,6,2011.9,432.9,10,0.05,2023-02-04,2024-09-10,Consumer,South,335.32,112,696,0.31,21.52,Regular
CUST-0590,4,526.0,5.0,6,0.175,2023-05-04,2024-02-29,Consumer,South,131.5,306,607,0.4,0.95,Dormant / Low Engagement
CUST-0591,2,221.5,26.5,2,0.2,2024-07-15,2024-10-08,Consumer,West,110.75,84,169,0.72,11.96,Regular
CUST-0592,6,2392.5,330.5,25,0.0667,2023-02-24,2024-11-16,Small Business,West,398.75,45,676,0.29,13.81,Regular
CUST-0593,5,1930.0,-508.0,11,0.34,2023-04-21,2023-12-19,Corporate,South,386.0,378,620,0.63,-26.32,Dormant / Low Engagement
CUST-0594,4,997.5,-89.5,5,0.15,2023-10-30,2024-12-20,Small Business,North,249.38,11,428,0.29,-8.97,Regular
CUST-0595,3,1144.4,305.4,10,0.0667,2023-12-05,2024-08-31,Consumer,East,381.47,122,392,0.34,26.69,Dormant / Low Engagement
CUST-0596,4,755.5,246.5,13,0.075,2023-08-27,2024-05-31,Small Business,East,188.88,214,492,0.44,32.63,Dormant / Low Engagement
CUST-0597,8,3906.15,829.15,22,0.0875,2023-01-23,2024-12-05,Consumer,East,488.27,26,708,0.36,21.23,Regular
CUST-0598,7,7048.3,1343.3,16,0.0929,2023-03-11,2024-12-07,Corporate,East,1006.9,24,661,0.33,19.06,High Value
CUST-0600,24,15932.05,3231.05,49,0.0854,2023-01-11,2024-12-17,Consumer,North,663.84,14,720,1.03,20.28,High Value
CUST-0601,2,619.2,189.2,4,0.1,2023-11-22,2024-01-27,Small Business,East,309.6,339,405,0.92,30.56,Dormant / Low Engagement
CUST-0602,3,986.0,270.0,7,0.0,2023-04-12,2024-10-17,Consumer,South,328.67,75,629,0.16,27.38,Regular
CUST-0603,7,3018.5,103.5,17,0.1429,2023-01-25,2024-11-09,Corporate,North,431.21,52,706,0.33,3.43,Regular
CUST-0604,4,593.6,128.6,8,0.075,2023-02-25,2024-12-20,Consumer,East,148.4,11,675,0.18,21.66,Regular
CUST-0605,30,14671.85,1840.85,61,0.0967,2023-01-05,2024-12-24,Consumer,North,489.06,7,726,1.27,12.55,High Value
CUST-0606,7,3580.8,474.8,27,0.0929,2024-03-21,2024-12-12,Small Business,South,511.54,19,285,0.8,13.26,Regular
CUST-0607,6,2190.5,253.5,11,0.075,2023-01-21,2024-12-30,Corporate,South,365.08,1,710,0.26,11.57,Regular
CUST-0608,4,1515.0,457.0,13,0.025,2023-03-09,2024-12-25,Consumer,East,378.75,6,663,0.19,30.17,Regular
CUST-0609,36,19937.2,4524.2,78,0.0597,2023-03-26,2024-12-17,Corporate,East,553.81,14,646,1.73,22.69,High Value
CUST-0610,9,5679.9,-331.1,18,0.1833,2023-04-23,2024-12-12,Small Business,West,631.1,19,618,0.46,-5.83,Regular
CUST-0611,5,1633.2,209.2,12,0.07,2023-08-07,2024-11-22,Small Business,East,326.64,39,512,0.32,12.81,Regular
CUST-0612,4,3575.0,570.0,9,0.0375,2023-01-15,2024-07-28,Corporate,West,893.75,156,716,0.22,15.94,At Risk
CUST-0613,4,1368.0,185.0,5,0.075,2023-09-13,2024-11-11,Consumer,South,342.0,50,475,0.29,13.52,Regular
CUST-0614,10,3012.5,-339.5,20,0.195,2023-06-12,2024-11-29,Consumer,South,301.25,32,568,0.57,-11.27,Regular
CUST-0615,5,1927.5,557.5,15,0.06,2023-07-16,2024-09-09,Consumer,East,385.5,113,534,0.36,28.92,Regular
CUST-0616,3,893.5,119.5,6,0.1167,2023-02-13,2024-04-02,Consumer,North,297.83,273,687,0.22,13.37,Dormant / Low Engagement
CUST-0617,5,1571.25,-144.75,12,0.09,2023-12-01,2024-11-17,Small Business,East,314.25,44,396,0.43,-9.21,Regular
CUST-0618,3,530.0,126.0,7,0.15,2023-11-28,2024-12-06,Corporate,West,176.67,25,399,0.24,23.77,Regular
CUST-0619,5,596.2,161.2,8,0.09,2023-11-20,2024-06-08,Small Business,North,119.24,206,407,0.76,27.04,Dormant / Low Engagement
CUST-0620,5,5505.2,-244.8,17,0.14,2023-05-08,2024-11-28,Consumer,West,1101.04,33,603,0.27,-4.45,Regular
CUST-0621,5,5702.8,1206.8,17,0.08,2023-03-01,2024-09-27,Corporate,East,1140.56,95,671,0.26,21.16,Regular
CUST-0622,4,2312.1,493.1,4,0.1,2023-01-15,2024-10-21,Corporate,Central,578.02,71,716,0.19,21.33,Regular
CUST-0623,27,12019.45,718.45,52,0.1037,2023-01-14,2024-11-28,Consumer,North,445.16,33,717,1.2,5.98,High Value
CUST-0624,7,5788.25,1309.25,16,0.1143,2023-11-21,2024-12-15,Corporate,West,826.89,16,406,0.55,22.62,Regular
CUST-0625,4,733.4,153.4,5,0.05,2023-06-15,2024-03-05,Corporate,West,183.35,301,565,0.46,20.92,Dormant / Low Engagement
CUST-0626,9,6084.0,1372.0,18,0.1,2023-03-26,2024-12-24,Corporate,East,676.0,7,646,0.43,22.55,High Value
CUST-0627,7,6258.0,514.0,12,0.1429,2023-08-27,2024-08-17,Consumer,East,894.0,136,492,0.6,8.21,At Risk
CUST-0628,3,628.0,134.0,4,0.0333,2023-01-05,2023-11-11,Small Business,East,209.33,416,726,0.29,21.34,Dormant / Low Engagement
CUST-0629,19,8534.15,1271.15,43,0.0947,2023-01-16,2024-12-17,Consumer,South,449.17,14,715,0.82,14.89,High Value
CUST-0630,6,4878.75,1002.75,20,0.1,2023-02-26,2024-11-24,Consumer,West,813.12,37,674,0.29,20.55,Regular
CUST-0631,7,2700.0,578.0,17,0.1,2023-07-15,2024-11-22,Consumer,South,385.71,39,535,0.43,21.41,Regular
CUST-0632,5,5257.0,996.0,14,0.04,2023-03-25,2024-10-08,Consumer,East,1051.4,84,647,0.27,18.95,Regular
CUST-0633,5,1535.0,318.0,10,0.05,2023-05-31,2024-12-07,Corporate,North,307.0,24,580,0.27,20.72,Regular
CUST-0634,31,23330.65,4785.65,77,0.0613,2023-02-07,2024-12-22,Corporate,East,752.6,9,693,1.38,20.51,High Value
CUST-0635,4,4698.2,908.2,10,0.05,2023-04-16,2024-10-16,Corporate,North,1174.55,76,625,0.22,19.33,Regular
CUST-0636,10,2721.7,713.7,26,0.03,2023-01-18,2024-12-18,Consumer,Central,272.17,13,713,0.43,26.22,Regular
CUST-0637,9,13471.8,3403.8,23,0.0111,2023-02-26,2024-12-18,Consumer,North,1496.87,13,674,0.41,25.27,High Value
CUST-0638,7,2951.9,461.9,21,0.0786,2023-04-12,2024-06-29,Small Business,Central,421.7,185,629,0.48,15.65,At Risk
CUST-0639,5,3128.5,434.5,17,0.12,2023-01-26,2024-02-13,Consumer,West,625.7,322,705,0.4,13.89,Dormant / Low Engagement
CUST-0640,5,6765.0,1405.0,8,0.05,2023-04-03,2024-12-28,Corporate,South,1353.0,3,638,0.24,20.77,High Value
CUST-0641,5,1784.0,404.0,8,0.12,2023-01-22,2024-11-07,Corporate,North,356.8,54,709,0.23,22.65,Regular
CUST-0642,18,8432.9,1790.9,41,0.0639,2023-01-02,2024-12-22,Consumer,West,468.49,9,729,0.76,21.24,High Value
CUST-0643,3,582.5,45.5,4,0.1167,2023-07-06,2024-12-14,Corporate,East,194.17,17,544,0.17,7.81,Regular
CUST-0644,3,360.0,27.0,11,0.1667,2023-11-02,2024-12-05,Consumer,East,120.0,26,425,0.23,7.5,Regular
CUST-0645,5,1011.5,177.5,6,0.05,2023-09-11,2024-12-10,Corporate,East,202.3,21,477,0.33,17.55,Regular
CUST-0646,2,855.0,-315.0,3,0.3,2023-07-10,2024-09-03,Corporate,East,427.5,119,540,0.14,-36.84,Regular
CUST-0647,26,12429.0,1989.0,58,0.0712,2023-01-03,2024-12-31,Consumer,North,478.04,0,728,1.09,16.0,High Value
CUST-0648,3,1552.5,347.5,6,0.0667,2023-02-11,2024-11-26,Consumer,Central,517.5,35,689,0.14,22.38,Regular
CUST-0649,6,1964.0,65.0,10,0.1917,2023-02-05,2024-05-25,Corporate,East,327.33,220,695,0.38,3.31,At Risk
CUST-0650,4,2090.0,-86.0,9,0.175,2023-12-19,2024-06-12,Consumer,South,522.5,202,378,0.69,-4.11,Dormant / Low Engagement
